Id,Position,First Name,Nickname,Last Name,FPPG,Played,Salary,Game,Team,Opponent,Injury Indicator,Injury Details,Tier,,,Roster Position
67626-40199,PF/SF,Giannis,Giannis Antetokounmpo,Antetokounmpo,56.416666666666664,18,11700,MIL@DEN,MIL,DEN,,,,,,SF/PF
67626-55062,C,Nikola,Nikola Jokic,Jokic,55.392857142857146,14,11300,MIL@DEN,DEN,MIL,GTD,Wrist,,,,C
67626-15755,PF/C,Anthony,Anthony Davis,Davis,48.89473684210526,19,11000,SAC@LAL,LAL,SAC,,,,,,PF/C
67626-9524,PG,Stephen,Stephen Curry,Curry,48.74117503446691,17,10500,POR@GS,GS,POR,,,,,,PG
67626-80808,SF/PF,Jayson,Jayson Tatum,Tatum,43.36842105263158,19,10000,BOS@SA,BOS,SA,,,,,,SF/PF
67626-9488,SF/PF,LeBron,LeBron James,James,44.166666666666664,9,9900,SAC@LAL,LAL,SAC,GTD,Abdomen,,,,SF/PF
67626-9642,PG,Russell,Russell Westbrook,Westbrook,42.60499877929688,20,9900,SAC@LAL,LAL,SAC,,,,,,PG
67626-67708,PG/SG,Dejounte,Dejounte Murray,Murray,45.73529411764706,17,9700,BOS@SA,SA,BOS,,,,,,PG/SG
67626-145485,PG,LaMelo,LaMelo Ball,Ball,44.460000610351564,20,9300,MIN@CHA,CHA,MIN,,,,,,PG
67626-110344,PG,Ja,Ja Morant,Morant,45.333333333333336,18,9000,ATL@MEM,MEM,ATL,,,,,,PG
67626-40203,C,Rudy,Rudy Gobert,Gobert,42.56666734483507,18,9000,NO@UTA,UTA,NO,,,,,,C
67626-58462,C,Karl-Anthony,Karl-Anthony Towns,Towns,42.599999321831596,18,8800,MIN@CHA,MIN,CHA,,,,,,C
67626-15595,SG,Bradley,Bradley Beal,Beal,38.7,15,8800,WAS@OKC,WAS,OKC,,,,,,SG
67626-20848,PG,Damian,Damian Lillard,Lillard,39.894443088107636,18,8800,POR@GS,POR,GS,,,,,,PG
67626-42669,PF/C,Julius,Julius Randle,Randle,41.122222900390625,18,8700,PHO@NY,NY,PHO,,,,,,PF/C
67626-84671,PG,Trae,Trae Young,Young,42.77368485300165,19,8700,ATL@MEM,ATL,MEM,GTD,Ankle,,,,PG
67626-9714,SG/SF,DeMar,DeMar DeRozan,DeRozan,40.53157766241776,19,8600,CHI@ORL,CHI,ORL,,,,,,SG/SF
67626-9623,PG,Chris,Chris Paul,Paul,39.361111111111114,18,8500,PHO@NY,PHO,NY,,,,,,PG
67626-24247,PG,Fred,Fred VanVleet,VanVleet,39.46111043294271,18,8400,TOR@IND,TOR,IND,,,,,,PG
67626-59358,PF/C,Domantas,Domantas Sabonis,Sabonis,38.629998779296876,20,8400,TOR@IND,IND,TOR,,,,,,PF/C
67626-110310,PF,Zion,Zion Williamson,Williamson,42.69999842489919,62,8300,NO@UTA,NO,UTA,O,Foot,,,,PF
67626-84678,SF,Miles,Miles Bridges,Bridges,39.675,20,8200,MIN@CHA,CHA,MIN,,,,,,SF
67626-84680,SG/PG,Shai,Shai Gilgeous-Alexander,Gilgeous-Alexander,34.95000076293945,16,8200,WAS@OKC,OKC,WAS,GTD,Ankle,,,,PG/SG
67626-66113,SG/PG,Donovan,Donovan Mitchell,Mitchell,39.005880916819855,17,8100,NO@UTA,UTA,NO,,,,,,PG/SG
67626-40783,SG/PG,Zach,Zach LaVine,LaVine,37.73684210526316,19,8000,CHI@ORL,CHI,ORL,,,,,,PG/SG
67626-60021,PF,Pascal,Pascal Siakam,Siakam,33.88750076293945,8,7900,TOR@IND,TOR,IND,,,,,,PF
67626-145321,SF/SG,Anthony,Anthony Edwards,Edwards,38.97222222222222,18,7900,MIN@CHA,MIN,CHA,,,,,,SG/SF
67626-66236,PF/C,John,John Collins,Collins,34.10526315789474,19,7800,ATL@MEM,ATL,MEM,,,,,,PF/C
67626-145327,PG/SG,Cole,Cole Anthony,Anthony,37.724998474121094,16,7800,CHI@ORL,ORL,CHI,O,Ankle,,,,PG/SG
67626-66048,SF,Brandon,Brandon Ingram,Ingram,34.67692213792067,13,7700,NO@UTA,NO,UTA,,,,,,SF
67626-58460,SG,Devin,Devin Booker,Booker,37.599999321831596,18,7700,PHO@NY,PHO,NY,,,,,,SG
67626-84673,C,Deandre,Deandre Ayton,Ayton,35.65833282470703,12,7700,PHO@NY,PHO,NY,,,,,,C
67626-67026,SF/SG,Jaylen,Jaylen Brown,Brown,36.23999938964844,10,7700,BOS@SA,BOS,SA,,,,,,SG/SF
67626-68090,SF/PF,OG,OG Anunoby,Anunoby,35.44666748046875,15,7700,TOR@IND,TOR,IND,GTD,Hip,,,,SF/PF
67626-14514,C,Nikola,Nikola Vucevic,Vucevic,38.09166717529297,12,7600,CHI@ORL,CHI,ORL,,,,,,C
67626-19067,SG,CJ,CJ McCollum,McCollum,35.55263157894737,19,7500,POR@GS,POR,GS,,,,,,SG
67626-55059,C,Clint,Clint Capela,Capela,33.610525030838815,19,7500,ATL@MEM,ATL,MEM,,,,,,C
67626-23776,C/PF,Montrezl,Montrezl Harrell,Harrell,34.327779134114586,18,7400,WAS@OKC,WAS,OKC,,,,,,PF/C
67626-9453,PF/C,Al,Al Horford,Horford,34.79999923706055,16,7400,BOS@SA,BOS,SA,,,,,,PF/C
67626-58312,SG/PG,D'Angelo,D'Angelo Russell,Russell,33.34375,16,7400,MIN@CHA,MIN,CHA,,,,,,PG/SG
67626-16261,SF/SG,Khris,Khris Middleton,Middleton,32.71818126331676,11,7300,MIL@DEN,MIL,DEN,,,,,,SG/SF
67626-80810,PG,De'Aaron,De'Aaron Fox,Fox,34.53157766241776,19,7300,SAC@LAL,SAC,LAL,,,,,,PG
67626-14503,C,Jonas,Jonas Valanciunas,Valanciunas,40.08999938964844,20,7200,NO@UTA,NO,UTA,,,,,,C
67626-16359,PG/SG,Malcolm,Malcolm Brogdon,Brogdon,38.92666829427083,15,7200,TOR@IND,IND,TOR,,,,,,PG/SG
67626-58253,C/PF,Myles,Myles Turner,Turner,32.61499938964844,20,7100,TOR@IND,IND,TOR,,,,,,PF/C
67626-9663,PG/SG,Jrue,Jrue Holiday,Holiday,30.838461068960335,13,7100,MIL@DEN,MIL,DEN,,,,,,PG/SG
67626-12366,SF/SG,Gordon,Gordon Hayward,Hayward,29.86499938964844,20,7000,MIN@CHA,CHA,MIN,,,,,,SG/SF
67626-84683,PF/C,Jaren,Jaren Jackson,Jackson,30.36111111111111,18,7000,ATL@MEM,MEM,ATL,,,,,,PF/C
67626-58377,SF/PF,Kyle,Kyle Kuzma,Kuzma,29.805555555555557,18,6900,WAS@OKC,WAS,OKC,,,,,,SF/PF
67626-15860,PF/C,Draymond,Draymond Green,Green,31.747059541590072,17,6900,POR@GS,GS,POR,,,,,,PF/C
67626-84675,C,Mo,Mo Bamba,Bamba,32.36842105263158,19,6800,CHI@ORL,ORL,CHI,,,,,,C
67626-55057,C,Jusuf,Jusuf Nurkic,Nurkic,32.27894672594572,19,6800,POR@GS,POR,GS,,,,,,C
67626-23447,C/PF,Richaun,Richaun Holmes,Holmes,30.38333468967014,18,6700,SAC@LAL,SAC,LAL,O,Eye,,,,PF/C
67626-80806,PG,Lonzo,Lonzo Ball,Ball,30.71578818873355,19,6700,CHI@ORL,CHI,ORL,,,,,,PG
67626-49116,SF,Andrew,Andrew Wiggins,Wiggins,28.877777099609375,18,6700,POR@GS,GS,POR,,,,,,SF
67626-15946,SF/PF,Harrison,Harrison Barnes,Barnes,32.64210590563322,19,6600,SAC@LAL,SAC,LAL,O,Foot,,,,SF/PF
67626-84708,PF/C,Robert,Robert Williams,Williams,30.035714285714285,14,6600,BOS@SA,BOS,SA,O,Illness,,,,PF/C
67626-157822,SF/PF,Scottie,Scottie Barnes,Barnes,32.2705867991728,17,6500,TOR@IND,TOR,IND,,,,,,SF/PF
67626-42156,PF/C,Bobby,Bobby Portis,Portis,30.964285714285715,14,6500,MIL@DEN,MIL,DEN,,,,,,PF/C
67626-15542,PG,Spencer,Spencer Dinwiddie,Dinwiddie,29.337499618530273,16,6500,WAS@OKC,WAS,OKC,,,,,,PG
67626-42677,SG/PG,Terry,Terry Rozier,Rozier,29.513334147135417,15,6300,MIN@CHA,CHA,MIN,,,,,,PG/SG
67626-110322,PG/SG,Jordan,Jordan Poole,Poole,28.455556233723957,18,6300,POR@GS,GS,POR,,,,,,PG/SG
67626-157905,SG,Josh,Josh Giddey,Giddey,30.205556233723957,18,6200,WAS@OKC,OKC,WAS,,,,,,SG
67626-40201,PG/SG,Dennis,Dennis Schroder,Schroder,29.93684146278783,19,6100,BOS@SA,BOS,SA,,,,,,PG/SG
67626-145337,PG/SG,Tyrese,Tyrese Haliburton,Haliburton,30.147058823529413,17,6100,SAC@LAL,SAC,LAL,,,,,,PG/SG
67626-145541,PG/SG,R.J.,R.J. Hampton,Hampton,16.11052663702714,19,6000,CHI@ORL,ORL,CHI,,,,,,PG/SG
67626-84721,PF,Jarred,Jarred Vanderbilt,Vanderbilt,21.549999660915798,18,6000,MIN@CHA,MIN,CHA,,,,,,PF
67626-9575,PG,Mike,Mike Conley,Conley,27.125,16,6000,NO@UTA,UTA,NO,,,,,,PG
67626-145334,SG,Desmond,Desmond Bane,Bane,25.344445122612846,18,6000,ATL@MEM,MEM,ATL,,,,,,SG
67626-17333,SG/SF,Will,Will Barton,Barton,31.618749618530273,16,6000,MIL@DEN,DEN,MIL,,,,,,SG/SF
67626-40562,SG/SF,Josh,Josh Hart,Hart,27.693750381469727,16,5900,NO@UTA,NO,UTA,,,,,,SG/SF
67626-12474,PG,Patrick,Patrick Beverley,Beverley,24.5,16,5900,MIN@CHA,MIN,CHA,O,Groin,,,,PG
67626-84682,PF/SF,Michael,Michael Porter,Porter,23.255555894639755,9,5900,MIL@DEN,DEN,MIL,O,Back,,,,SF/PF
67626-58378,C,Jakob,Jakob Poeltl,Poeltl,30.179998779296874,10,5800,BOS@SA,SA,BOS,,,,,,C
67626-41594,PF,Aaron,Aaron Gordon,Gordon,26.255555894639755,18,5800,MIL@DEN,DEN,MIL,,,,,,PF
67626-84695,SG/SF,Gary,Gary Trent,Trent,30.105263157894736,19,5800,TOR@IND,TOR,IND,,,,,,SG/SF
67626-60233,SG/SF,Dillon,Dillon Brooks,Brooks,28.360000610351562,5,5800,ATL@MEM,MEM,ATL,,,,,,SG/SF
67626-16448,PF/C,Frank,Frank Kaminsky,Kaminsky,22.63333299424913,9,5700,PHO@NY,PHO,NY,O,Knee,,,,PF/C
67626-20640,PG/SG,Jordan,Jordan Clarkson,Clarkson,23.377777099609375,18,5700,NO@UTA,UTA,NO,,,,,,PG/SG
67626-23798,SG/SF,Caris,Caris LeVert,LeVert,24.566665649414062,12,5700,TOR@IND,IND,TOR,,,,,,SG/SF
67626-110357,SF/SG,RJ,RJ Barrett,Barrett,26.13888888888889,18,5700,PHO@NY,NY,PHO,,,,,,SG/SF
67626-9621,C,Brook,Brook Lopez,Lopez,26,1,5700,MIL@DEN,MIL,DEN,O,Back,,,,C
67626-16293,SF/SG,Norman,Norman Powell,Powell,25.564706241383274,17,5700,POR@GS,POR,GS,,,,,,SG/SF
67626-18393,PG/SG,T.J.,T.J. McConnell,McConnell,23.914999389648436,20,5700,TOR@IND,IND,TOR,,,,,,PG/SG
67626-23670,SG/PG,Marcus,Marcus Smart,Smart,29.261111789279514,18,5600,BOS@SA,BOS,SA,,,,,,PG/SG
67626-157850,PG/SG,Jalen,Jalen Suggs,Suggs,22.355555216471355,18,5600,CHI@ORL,ORL,CHI,,,,,,PG/SG
67626-84706,PG/SG,Devonte',Devonte' Graham,Graham,27.311763987821692,17,5600,NO@UTA,NO,UTA,,,,,,PG/SG
67626-145324,SG,Devin,Devin Vassell,Vassell,24.100000718060663,17,5600,BOS@SA,SA,BOS,O,Quadriceps,,,,SG
67626-20491,PF/SF,Robert,Robert Covington,Covington,19.457895379317435,19,5500,POR@GS,POR,GS,,,,,,SF/PF
67626-49675,PG,Derrick,Derrick White,White,27.376470229204962,17,5500,BOS@SA,SA,BOS,,,,,,PG
67626-84676,PF/C,Wendell,Wendell Carter,Carter,29.531577662417764,19,5500,CHI@ORL,ORL,CHI,,,,,,PF/C
67626-23169,C,Steven,Steven Adams,Adams,24.066667344835068,18,5400,ATL@MEM,MEM,ATL,,,,,,C
67626-157830,PF,Jeremiah,Jeremiah Robinson-Earl,Robinson-Earl,17.533333672417534,18,5400,WAS@OKC,OKC,WAS,,,,,,PF
67626-111273,SF/SG,Luguentz,Luguentz Dort,Dort,26.470588235294116,17,5400,WAS@OKC,OKC,WAS,,,,,,SG/SF
67626-23981,PG/SG,Alex,Alex Caruso,Caruso,25.255555894639755,18,5400,CHI@ORL,CHI,ORL,,,,,,PG/SG
67626-9739,C,JaVale,JaVale McGee,McGee,22.077777438693577,18,5300,PHO@NY,PHO,NY,,,,,,C
67626-23665,SG/SF,Buddy,Buddy Hield,Hield,26.24210558439556,19,5300,SAC@LAL,SAC,LAL,,,,,,SG/SF
67626-84704,SG/SF,Kevin,Kevin Huerter,Huerter,17.944444444444443,18,5300,ATL@MEM,ATL,MEM,,,,,,SG/SF
67626-84709,C,Mitchell,Mitchell Robinson,Robinson,22.986665852864583,15,5300,PHO@NY,NY,PHO,GTD,Concussion,,,,C
67626-110347,PF/SF,Keldon,Keldon Johnson,Johnson,27.53529447667739,17,5300,BOS@SA,SA,BOS,,,,,,SF/PF
67626-110356,SG/SF,Nickeil,Nickeil Alexander-Walker,Alexander-Walker,26.695001220703126,20,5300,NO@UTA,NO,UTA,,,,,,SG/SF
67626-9648,PF/SF,Jeff,Jeff Green,Green,14.900000678168404,18,5300,MIL@DEN,DEN,MIL,,,,,,SF/PF
67626-15993,SG/SF,Pat,Pat Connaughton,Connaughton,23.12631546823602,19,5200,MIL@DEN,MIL,DEN,,,,,,SG/SF
67626-15590,C,Mason,Mason Plumlee,Plumlee,23.975,20,5200,MIN@CHA,CHA,MIN,GTD,Calf,,,,C
67626-110349,SF/PF,Rui,Rui Hachimura,Hachimura,24.020313262939453,64,5200,WAS@OKC,WAS,OKC,,,,,,SF/PF
67626-9508,SF/PF,Carmelo,Carmelo Anthony,Anthony,24.485000610351562,20,5200,SAC@LAL,LAL,SAC,,,,,,SF/PF
67626-20992,PF/SF,Larry,Larry Nance,Nance,17.61579011615954,19,5100,POR@GS,POR,GS,,,,,,SF/PF
67626-110637,PF/SF,Darius,Darius Bazley,Bazley,24.166666666666668,18,5100,WAS@OKC,OKC,WAS,,,,,,SF/PF
67626-157851,SF/SG,Franz,Franz Wagner,Wagner,24.17894704718339,19,5100,CHI@ORL,ORL,CHI,,,,,,SG/SF
67626-110337,SG/SF,Talen,Talen Horton-Tucker,Horton-Tucker,25.74285670689174,7,5100,SAC@LAL,LAL,SAC,,,,,,SG/SF
67626-14507,PG,Kemba,Kemba Walker,Walker,21.829412123736212,17,5000,PHO@NY,NY,PHO,,,,,,PG
67626-14510,SG/SF,Alec,Alec Burks,Burks,20.200000339084202,18,5000,PHO@NY,NY,PHO,,,,,,SG/SF
67626-84670,SF/PF,Mikal,Mikal Bridges,Bridges,24.705556233723957,18,5000,PHO@NY,PHO,NY,,,,,,SF/PF
67626-14530,SF/PF,Bojan,Bojan Bogdanovic,Bogdanovic,24.855555216471355,18,5000,NO@UTA,UTA,NO,,,,,,SF/PF
67626-58153,SF/SG,Kelly,Kelly Oubre,Oubre,22.089999389648437,20,5000,MIN@CHA,CHA,MIN,,,,,,SG/SF
67626-145314,PF/C,Precious,Precious Achiuwa,Achiuwa,23,16,5000,TOR@IND,TOR,IND,,,,,,PF/C
67626-23096,SF/SG,Evan,Evan Fournier,Fournier,21.394444783528645,18,4900,PHO@NY,NY,PHO,,,,,,SG/SF
67626-68203,C/PF,Chris,Chris Boucher,Boucher,14.599999321831596,18,4900,TOR@IND,TOR,IND,,,,,,PF/C
67626-157828,SF,Chris,Chris Duarte,Duarte,22.77777777777778,18,4900,TOR@IND,IND,TOR,,,,,,SF
67626-14509,SG,Klay,Klay Thompson,Thompson,,,4900,POR@GS,GS,POR,O,Achilles,,,,SG
67626-15636,SG/SF,Kentavious,Kentavious Caldwell-Pope,Caldwell-Pope,20.566667344835068,18,4900,WAS@OKC,WAS,OKC,,,,,,SG/SF
67626-110325,C,Daniel,Daniel Gafford,Gafford,21.25333251953125,15,4800,WAS@OKC,WAS,OKC,,,,,,C
67626-110353,PF,Brandon,Brandon Clarke,Clarke,17.866666666666667,15,4800,ATL@MEM,MEM,ATL,,,,,,PF
67626-23825,C,Nerlens,Nerlens Noel,Noel,22,7,4800,PHO@NY,NY,PHO,,,,,,C
67626-55060,SF/SG,Bogdan,Bogdan Bogdanovic,Bogdanovic,21.922222561306423,18,4800,ATL@MEM,ATL,MEM,GTD,Hamstring,,,,SG/SF
67626-80811,SF/PF,Jonathan,Jonathan Isaac,Isaac,,,4800,CHI@ORL,ORL,CHI,O,Knee,,,,SF/PF
67626-48567,PG/SG,Cameron,Cameron Payne,Payne,17.830769465519833,13,4800,PHO@NY,PHO,NY,,,,,,PG/SG
67626-15800,PF/SF,Jae,Jae Crowder,Crowder,21.172222561306423,18,4800,PHO@NY,PHO,NY,,,,,,SF/PF
67626-97263,C/PF,Drew,Drew Eubanks,Eubanks,17.647058823529413,17,4800,BOS@SA,SA,BOS,,,,,,PF/C
67626-23716,SF/PF,Kyle,Kyle Anderson,Anderson,21.494444105360245,18,4700,ATL@MEM,MEM,ATL,,,,,,SF/PF
67626-84681,SG,Donte,Donte DiVincenzo,DiVincenzo,24.163768823596016,69,4700,MIL@DEN,MIL,DEN,O,Ankle,,,,SG
67626-16081,C/PF,Khem,Khem Birch,Birch,19.533333333333335,15,4700,TOR@IND,TOR,IND,O,Knee,,,,PF/C
67626-84711,SG,Grayson,Grayson Allen,Allen,23.221053274054277,19,4700,MIL@DEN,MIL,DEN,,,,,,SG
67626-110339,SG/SF,Cam,Cam Reddish,Reddish,19.11052663702714,19,4700,ATL@MEM,ATL,MEM,,,,,,SG/SF
67626-110351,SG,Cody,Cody Martin,Martin,21.605000305175782,20,4700,MIN@CHA,CHA,MIN,,,,,,SG
67626-110352,PF/C,P.J.,P.J. Washington,Washington,18.924999237060547,8,4700,MIN@CHA,CHA,MIN,,,,,,PF/C
67626-18256,PF/SF,Doug,Doug McDermott,McDermott,14.699999491373697,12,4700,BOS@SA,SA,BOS,O,Knee,,,,SF/PF
67626-18338,SF/PF,Royce,Royce O'Neale,O'Neale,22.577777438693577,18,4700,NO@UTA,UTA,NO,GTD,Foot,,,,SF/PF
67626-9673,PG,Goran,Goran Dragic,Dragic,17.460000610351564,5,4700,TOR@IND,TOR,IND,,,,,,PG
67626-40396,PG,Monte,Monte Morris,Morris,21.922222561306423,18,4700,MIL@DEN,DEN,MIL,,,,,,PG
67626-12363,C,Hassan,Hassan Whiteside,Whiteside,19.700000339084202,18,4600,NO@UTA,UTA,NO,,,,,,C
67626-84703,SG/PG,De'Anthony,De'Anthony Melton,Melton,23.766666666666666,15,4600,ATL@MEM,MEM,ATL,GTD,Groin,,,,PG/SG
67626-9475,PG/SG,Derrick,Derrick Rose,Rose,23.876470229204962,17,4600,PHO@NY,NY,PHO,GTD,Ankle,,,,PG/SG
67626-110338,SF,De'Andre,De'Andre Hunter,Hunter,16.5,11,4600,ATL@MEM,ATL,MEM,O,Wrist,,,,SF
67626-16233,SF/SG,Josh,Josh Richardson,Richardson,17.092857360839844,14,4600,BOS@SA,BOS,SA,O,Illness,,,,SG/SF
67626-9637,SF/PF,Danilo,Danilo Gallinari,Gallinari,16.012500762939453,16,4600,ATL@MEM,ATL,MEM,,,,,,SF/PF
67626-9660,C,Dwight,Dwight Howard,Howard,14.811111450195312,18,4600,SAC@LAL,LAL,SAC,,,,,,C
67626-9666,PF,Thaddeus,Thaddeus Young,Young,19.985713413783483,14,4600,BOS@SA,SA,BOS,,,,,,PF
67626-23120,SF/PF,T.J.,T.J. Warren,Warren,22.075000762939453,4,4500,TOR@IND,IND,TOR,O,Foot,,,,SF/PF
67626-58576,C/PF,Kevon,Kevon Looney,Looney,18.716666327582466,18,4500,POR@GS,GS,POR,,,,,,PF/C
67626-84702,SG/SF,Lonnie,Lonnie Walker,Walker,20.141176111557904,17,4500,BOS@SA,SA,BOS,,,,,,SG/SF
67626-157834,PG,Bones,Bones Hyland,Hyland,14.07857186453683,14,4400,MIL@DEN,DEN,MIL,GTD,Ankle,,,,PG
67626-58519,SG,Gary,Gary Payton II,Payton II,15.141176111557904,17,4400,POR@GS,GS,POR,,,,,,SG
67626-110336,PF,Chuma,Chuma Okeke,Okeke,15.5,13,4400,CHI@ORL,ORL,CHI,,,,,,PF
67626-9577,PF/SF,Rudy,Rudy Gay,Gay,17.325000762939453,4,4400,NO@UTA,UTA,NO,,,,,,SF/PF
67626-110995,C,Naz,Naz Reid,Reid,17.756250381469727,16,4400,MIN@CHA,MIN,CHA,,,,,,C
67626-80816,SG,Malik,Malik Monk,Monk,16.889999389648438,20,4400,SAC@LAL,LAL,SAC,,,,,,SG
67626-59318,SG/SF,Joe,Joe Ingles,Ingles,16.327777438693577,18,4400,NO@UTA,UTA,NO,,,,,,SG/SF
67626-101329,SG/PG,Kendrick,Kendrick Nunn,Nunn,23.85,60,4400,SAC@LAL,LAL,SAC,O,Knee,,,,PG/SG
67626-117779,SF/PF,Juan,Juan Toscano-Anderson,Toscano-Anderson,13.170587876263786,17,4300,POR@GS,GS,POR,,,,,,SF/PF
67626-110318,PF,Grant,Grant Williams,Williams,14.621051989103618,19,4300,BOS@SA,BOS,SA,,,,,,PF
67626-110326,PG/SG,Coby,Coby White,White,7.5,6,4300,CHI@ORL,CHI,ORL,,,,,,PG/SG
67626-115612,SF/SG,Kelan,Kelan Martin,Martin,13.153846153846153,13,4300,TOR@IND,IND,TOR,,,,,,SG/SF
67626-66064,SF/SG,Malik,Malik Beasley,Beasley,18.438888549804688,18,4200,MIN@CHA,MIN,CHA,,,,,,SG/SF
67626-16405,SG/SF,Terrence,Terrence Ross,Ross,16.672222561306423,18,4200,CHI@ORL,ORL,CHI,GTD,Back,,,,SG/SF
67626-15405,PF/C,JaMychal,JaMychal Green,Green,13.5,18,4200,MIL@DEN,DEN,MIL,,,,,,PF/C
67626-12368,PF,Nemanja,Nemanja Bjelica,Bjelica,16.066667344835068,18,4200,POR@GS,GS,POR,,,,,,PF
67626-157812,PG,Davion,Davion Mitchell,Mitchell,19.42105263157895,19,4200,SAC@LAL,SAC,LAL,,,,,,PG
67626-145547,PG,Facundo,Facundo Campazzo,Campazzo,12.452940996955423,17,4200,MIL@DEN,DEN,MIL,,,,,,PG
67626-157848,PF,Herbert,Herbert Jones,Jones,16.96470552332261,17,4200,NO@UTA,NO,UTA,,,,,,PF
67626-58081,PG,Tyus,Tyus Jones,Jones,14.82222154405382,18,4200,ATL@MEM,MEM,ATL,,,,,,PG
67626-15592,SG/PG,Austin,Austin Rivers,Rivers,8.393750190734863,16,4200,MIL@DEN,DEN,MIL,,,,,,PG/SG
67626-84714,PF,Moritz,Moritz Wagner,Wagner,9.416666666666666,18,4200,CHI@ORL,ORL,CHI,,,,,,PF
67626-9455,PG,Rajon,Rajon Rondo,Rondo,13.084615854116587,13,4200,SAC@LAL,LAL,SAC,,,,,,PG
67626-110343,SF,Nassir,Nassir Little,Little,19.694737484580592,19,4200,POR@GS,POR,GS,,,,,,SF
67626-9538,PF,Trevor,Trevor Ariza,Ariza,21.232353659237134,34,4200,SAC@LAL,LAL,SAC,O,Ankle,,,,PF
67626-66968,SG/SF,Derrick,Derrick Jones,Jones,16.226666259765626,15,4200,CHI@ORL,CHI,ORL,,,,,,SG/SF
67626-145347,C,James,James Wiseman,Wiseman,21.51794903094952,39,4200,POR@GS,GS,POR,O,Knee,,,,C
67626-145539,SF/PF,Deni,Deni Avdija,Avdija,18.38333299424913,18,4100,WAS@OKC,WAS,OKC,,,,,,SF/PF
67626-157843,SF,Ziaire,Ziaire Williams,Williams,9.287500381469727,16,4100,ATL@MEM,MEM,ATL,,,,,,SF
67626-157904,SF,Jonathan,Jonathan Kuminga,Kuminga,6.641666412353516,12,4100,POR@GS,GS,POR,,,,,,SF
67626-145319,PF,Jaden,Jaden McDaniels,McDaniels,16.655554877387154,18,4100,MIN@CHA,MIN,CHA,,,,,,PF
67626-80823,PF/C,Tony,Tony Bradley,Bradley,10.84375,16,4100,CHI@ORL,CHI,ORL,,,,,,PF/C
67626-145339,PF,Obi,Obi Toppin,Toppin,16.583333333333332,18,4100,PHO@NY,NY,PHO,,,,,,PF
67626-145348,SG/PG,Immanuel,Immanuel Quickley,Quickley,15.36111111111111,18,4100,PHO@NY,NY,PHO,,,,,,PG/SG
67626-12334,SG,Avery,Avery Bradley,Bradley,11.352631418328537,19,4000,SAC@LAL,LAL,SAC,,,,,,SG
67626-14516,C,Enes,Enes Kanter,Kanter,11.725000381469727,8,4000,BOS@SA,BOS,SA,,,,,,C
67626-16604,SF/SG,Justin,Justin Holiday,Holiday,16.889999389648438,20,4000,TOR@IND,IND,TOR,,,,,,SG/SF
67626-84719,PG,Aaron,Aaron Holiday,Holiday,12.161110772026909,18,4000,WAS@OKC,WAS,OKC,,,,,,PG
67626-15628,SF/PF,Otto,Otto Porter,Porter,16.662500381469727,16,4000,POR@GS,GS,POR,,,,,,SF/PF
67626-9561,C,DeAndre,DeAndre Jordan,Jordan,16.158824247472428,17,4000,SAC@LAL,LAL,SAC,,,,,,C
67626-18376,SG,Damion,Damion Lee,Lee,14.506667073567709,15,4000,POR@GS,GS,POR,O,Personal,,,,SG
67626-9703,PG,George,George Hill,Hill,17.799999660915798,18,4000,MIL@DEN,MIL,DEN,,,,,,PG
67626-112709,SG/SF,Javonte,Javonte Green,Green,14.621051989103618,19,3900,CHI@ORL,CHI,ORL,,,,,,SG/SF
67626-157821,PF,Dalano,Dalano Banton,Banton,10.9947365208676,19,3900,TOR@IND,TOR,IND,,,,,,PF
67626-63127,PF/C,Willy,Willy Hernangomez,Hernangomez,17.150000254313152,6,3900,NO@UTA,NO,UTA,,,,,,PF/C
67626-157849,SG,Ayo,Ayo Dosunmu,Dosunmu,10.850000169542101,18,3900,CHI@ORL,CHI,ORL,,,,,,SG
67626-14501,C/PF,Tristan,Tristan Thompson,Thompson,13.030768761268028,13,3900,SAC@LAL,SAC,LAL,,,,,,PF/C
67626-15559,SG/SF,Jeremy,Jeremy Lamb,Lamb,14.393332926432292,15,3900,TOR@IND,IND,TOR,,,,,,SG/SF
67626-14543,SF,Davis,Davis Bertans,Bertans,8.600000381469727,8,3900,WAS@OKC,WAS,OKC,,,,,,SF
67626-84688,SF,Keita,Keita Bates-Diop,Bates-Diop,9.223077040452223,13,3900,BOS@SA,SA,BOS,,,,,,SF
67626-84701,C,Chimezie,Chimezie Metu,Metu,19.924999237060547,8,3900,SAC@LAL,SAC,LAL,,,,,,C
67626-110316,SF,Cameron,Cameron Johnson,Johnson,16.516665988498264,18,3900,PHO@NY,PHO,NY,,,,,,SF
67626-110359,C,Goga,Goga Bitadze,Bitadze,9.735714503696986,14,3900,TOR@IND,IND,TOR,,,,,,C
67626-20277,SG,Torrey,Torrey Craig,Craig,14.055000305175781,20,3900,TOR@IND,IND,TOR,,,,,,SG
67626-85305,SF,Kenrich,Kenrich Williams,Williams,15.022221883138021,18,3900,WAS@OKC,OKC,WAS,,,,,,SF
67626-145304,C,Onyeka,Onyeka Okongwu,Okongwu,11.002941355985755,68,3900,ATL@MEM,ATL,MEM,O,Shoulder,,,,C
67626-145316,PG,Kira,Kira Lewis,Lewis,11.429411944221048,17,3900,NO@UTA,NO,UTA,,,,,,PG
67626-145336,PF,Xavier,Xavier Tillman,Tillman,13.074999491373697,12,3900,ATL@MEM,MEM,ATL,,,,,,PF
67626-9664,SF/SG,Andre,Andre Iguodala,Iguodala,17.5749994913737,12,3900,POR@GS,GS,POR,O,Knee,,,,SG/SF
67626-24544,SG/SF,Gary,Gary Harris,Harris,10.276923546424278,13,3900,CHI@ORL,ORL,CHI,,,,,,SG/SF
67626-23097,PG,Tomas,Tomas Satoransky,Satoransky,8.846666463216145,15,3800,NO@UTA,NO,UTA,,,,,,PG
67626-66196,SG/SF,PJ,PJ Dozier,Dozier,14.116667005750868,18,3800,MIL@DEN,DEN,MIL,O,Knee,,,,SG/SF
67626-157847,SF,Trey,Trey Murphy,Murphy,9.740000152587891,20,3800,NO@UTA,NO,UTA,,,,,,SF
67626-84717,PG/SG,Anfernee,Anfernee Simons,Simons,18.166666666666668,18,3800,POR@GS,POR,GS,GTD,Illness,,,,PG/SG
67626-84724,SG,Landry,Landry Shamet,Shamet,13.476470947265625,17,3800,PHO@NY,PHO,NY,,,,,,SG
67626-110331,SG,Ty,Ty Jerome,Jerome,12.633333333333333,15,3800,WAS@OKC,OKC,WAS,,,,,,SG
67626-9481,C,Taj,Taj Gibson,Gibson,15.319999694824219,10,3800,PHO@NY,NY,PHO,GTD,Groin,,,,C
67626-19726,SF,Abdel,Abdel Nader,Nader,7.278571537562779,14,3800,PHO@NY,PHO,NY,GTD,Knee,,,,SF
67626-110350,PF,Jalen,Jalen McDaniels,McDaniels,10.916666666666666,18,3800,MIN@CHA,CHA,MIN,,,,,,PF
67626-145819,SF,Naji,Naji Marshall,Marshall,11.035714285714286,14,3800,NO@UTA,NO,UTA,,,,,,SF
67626-48598,SF,Semi,Semi Ojeleye,Ojeleye,9.909090909090908,11,3800,MIL@DEN,MIL,DEN,O,Calf,,,,SF
67626-23572,SF/PF,Taurean,Taurean Prince,Prince,7.643750190734863,16,3700,MIN@CHA,MIN,CHA,,,,,,SF/PF
67626-117273,SF,Mychal,Mychal Mulder,Mulder,6.2999997820172995,7,3700,CHI@ORL,ORL,CHI,,,,,,SF
67626-12351,C/PF,Derrick,Derrick Favors,Favors,14.573333740234375,15,3700,WAS@OKC,OKC,WAS,,,,,,PF/C
67626-157819,SF,Corey,Corey Kispert,Kispert,7.552940817440257,17,3700,WAS@OKC,WAS,OKC,,,,,,SF
67626-84713,SG,Svi,Svi Mykhailiuk,Mykhailiuk,13.405262997275905,19,3700,TOR@IND,TOR,IND,,,,,,SG
67626-23788,SG,Bryn,Bryn Forbes,Forbes,8.094118006089154,17,3700,BOS@SA,SA,BOS,,,,,,SG
67626-110335,SF,Ignas,Ignas Brazdeikis,Brazdeikis,5.077777862548828,9,3700,CHI@ORL,ORL,CHI,,,,,,SF
67626-111376,SG,John,John Konchar,Konchar,9.762499809265137,16,3700,ATL@MEM,MEM,ATL,,,,,,SG
67626-19781,SF/SG,Kent,Kent Bazemore,Bazemore,11.925000190734863,16,3700,SAC@LAL,LAL,SAC,,,,,,SG/SF
67626-16201,PG/SG,Michael,Michael Carter-Williams,Carter-Williams,22.299999606224798,31,3700,CHI@ORL,ORL,CHI,O,Ankle,,,,PG/SG
67626-40830,PG/SG,Delon,Delon Wright,Wright,10.141176111557904,17,3700,ATL@MEM,ATL,MEM,,,,,,PG/SG
67626-145305,PF/C,Zeke,Zeke Nnaji,Nnaji,13.533332824707031,6,3700,MIL@DEN,DEN,MIL,,,,,,PF/C
67626-145313,PF/SF,Jordan,Jordan Nwora,Nwora,15.711765064912683,17,3700,MIL@DEN,MIL,DEN,,,,,,SF/PF
67626-145323,PG,Tre,Tre Jones,Jones,6.73999989827474,15,3700,BOS@SA,SA,BOS,,,,,,PG
67626-80815,PF,Zach,Zach Collins,Collins,,,3700,BOS@SA,SA,BOS,O,Foot,,,,PF
67626-15814,C/PF,Alex,Alex Len,Len,16.709091186523438,11,3700,SAC@LAL,SAC,LAL,,,,,,PF/C
67626-15904,SG/SF,Rodney,Rodney Hood,Hood,7.674999872843425,12,3600,MIL@DEN,MIL,DEN,GTD,Achilles,,,,SG/SF
67626-17517,SF/SG,Tony,Tony Snell,Snell,3.284615443303035,13,3600,POR@GS,POR,GS,,,,,,SG/SF
67626-145538,PF,Aleksej,Aleksej Pokusevski,Pokusevski,12.683333502875435,18,3600,WAS@OKC,OKC,WAS,,,,,,PF
67626-157829,SG,Aaron,Aaron Wiggins,Wiggins,7.528571537562779,7,3600,WAS@OKC,OKC,WAS,,,,,,SG
67626-9873,C,Robin,Robin Lopez,Lopez,10.542857578822545,7,3600,CHI@ORL,ORL,CHI,,,,,,C
67626-84679,PF/C,Marvin,Marvin Bagley,Bagley,11.199999491373697,6,3600,SAC@LAL,SAC,LAL,,,,,,PF/C
67626-84689,SF/SG,Josh,Josh Okogie,Okogie,9.836363358931107,11,3600,MIN@CHA,MIN,CHA,GTD,Back,,,,SG/SF
67626-12511,PG/SG,Ish,Ish Smith,Smith,10.706667073567708,15,3600,MIN@CHA,CHA,MIN,,,,,,PG/SG
67626-9956,SG,Wayne,Wayne Ellington,Ellington,9.924999872843424,12,3600,SAC@LAL,LAL,SAC,,,,,,SG
67626-110340,PF,Jaxson,Jaxson Hayes,Hayes,12.211765064912683,17,3600,NO@UTA,NO,UTA,,,,,,PF
67626-110346,PF/C,Isaiah,Isaiah Roby,Roby,9.711111280653212,9,3600,WAS@OKC,OKC,WAS,,,,,,PF/C
67626-40208,PG,Raul,Raul Neto,Neto,14.717646879308363,17,3600,WAS@OKC,WAS,OKC,,,,,,PG
67626-16178,SF/PF,Maurice,Maurice Harkless,Harkless,11.326666259765625,15,3600,SAC@LAL,SAC,LAL,,,,,,SF/PF
67626-11074,SF,Garrett,Garrett Temple,Temple,14.044444613986546,18,3600,NO@UTA,NO,UTA,,,,,,SF
67626-15691,C,Cody,Cody Zeller,Zeller,12.021052310341283,19,3600,POR@GS,POR,GS,GTD,Knee,,,,C
67626-145318,C,Nick,Nick Richards,Richards,8.746666463216146,15,3600,MIN@CHA,CHA,MIN,,,,,,C
67626-145333,SG,Aaron,Aaron Nesmith,Nesmith,4.643750190734863,16,3600,BOS@SA,BOS,SA,,,,,,SG
67626-158136,SG,Austin,Austin Reaves,Reaves,10.7,10,3600,SAC@LAL,LAL,SAC,GTD,Hamstring,,,,SG
67626-9662,SG/PG,Lou,Lou Williams,Williams,10.778570992606026,14,3600,ATL@MEM,ATL,MEM,,,,,,PG/SG
67626-17894,C,Mike,Mike Muscala,Muscala,15.82857186453683,14,3600,WAS@OKC,OKC,WAS,,,,,,C
67626-101393,SG,Paul,Paul Watson,Watson,7.722222222222222,27,3500,WAS@OKC,OKC,WAS,,,,,,SG
67626-117782,SF,Daulton,Daulton Hommes,Hommes,,,3500,NO@UTA,NO,UTA,O,Leg,,,,SF
67626-158243,SF,Ish,Ish Wainright,Wainright,2.450000047683716,2,3500,PHO@NY,PHO,NY,,,,,,SF
67626-117283,SF,Oshae,Oshae Brissett,Brissett,6.618182095614347,11,3500,TOR@IND,IND,TOR,,,,,,SF
67626-117285,SF,Vlatko,Vlatko Cancar,Cancar,1,1,3500,MIL@DEN,DEN,MIL,,,,,,SF
67626-110641,SG,Didi,Didi Louzada,Louzada,1.9500000476837158,2,3500,NO@UTA,NO,UTA,O,Suspension,,,,SG
67626-117297,SF/PF,Louis,Louis King,King,17.516666412353516,6,3500,SAC@LAL,SAC,LAL,,,,,,SF/PF
67626-110640,PF,Luka,Luka Samanic,Samanic,7.700000184955019,33,3500,PHO@NY,NY,PHO,,,,,,PF
67626-117301,PF/C,Devontae,Devontae Cacok,Cacok,5.045000076293945,20,3500,BOS@SA,SA,BOS,,,,,,PF/C
67626-42550,PF,Jabari,Jabari Parker,Parker,10.566666920979818,6,3500,BOS@SA,BOS,SA,,,,,,PF
67626-15417,SF/PF,Solomon,Solomon Hill,Hill,6.287499904632568,8,3500,ATL@MEM,ATL,MEM,,,,,,SF/PF
67626-117821,PG/SG,Keljin,Keljin Blevins,Blevins,1.736842105263158,19,3500,POR@GS,POR,GS,,,,,,PG/SG
67626-66108,PG/SG,Jamal,Jamal Murray,Murray,35.83958435058594,48,3500,MIL@DEN,DEN,MIL,O,Knee,,,,PG/SG
67626-145491,PF,Nathan,Nathan Knight,Knight,3.7857142857142856,7,3500,MIN@CHA,MIN,CHA,,,,,,PF
67626-85597,PG,Jordan,Jordan McLaughlin,McLaughlin,6.773333231608073,15,3500,MIN@CHA,MIN,CHA,,,,,,PG
67626-157802,SG,Moses,Moses Moody,Moody,3.2642857687813893,14,3500,POR@GS,GS,POR,,,,,,SG
67626-157801,SG,Jared,Jared Butler,Butler,4.158333460489909,12,3500,NO@UTA,UTA,NO,,,,,,SG
67626-157811,C,Neemias,Neemias Queta,Queta,,,3500,SAC@LAL,SAC,LAL,,,,,,C
67626-157814,SF,Joe,Joe Wieskamp,Wieskamp,3,1,3500,BOS@SA,SA,BOS,,,,,,SF
67626-116340,SG/SF,Terence,Terence Davis,Davis,8.045454545454545,11,3500,SAC@LAL,SAC,LAL,,,,,,SG/SF
67626-157815,PF,JT,JT Thor,Thor,0,2,3500,MIN@CHA,CHA,MIN,,,,,,PF
67626-157813,SG,Joshua,Joshua Primo,Primo,2.566666603088379,3,3500,BOS@SA,SA,BOS,,,,,,SG
67626-157818,SG,James,James Bouknight,Bouknight,0.40000001589457196,6,3500,MIN@CHA,CHA,MIN,,,,,,SG
67626-41082,C,Damian,Damian Jones,Jones,8.771428789411273,7,3500,SAC@LAL,SAC,LAL,,,,,,C
67626-157816,SG,Scottie,Scottie Lewis,Lewis,,,3500,MIN@CHA,CHA,MIN,,,,,,SG
67626-157817,SF,Kai,Kai Jones,Jones,-0.6,5,3500,MIN@CHA,CHA,MIN,,,,,,SF
67626-145534,C,Marko,Marko Simonovic,Simonovic,1.2000000476837158,1,3500,CHI@ORL,CHI,ORL,,,,,,C
67626-145535,SF,Leandro,Leandro Bolmaro,Bolmaro,2.471428462437221,7,3500,MIN@CHA,MIN,CHA,,,,,,SF
67626-157823,SG,Greg,Greg Brown,Brown,7.057143075125558,7,3500,POR@GS,POR,GS,,,,,,SG
67626-157820,SF,David,David Johnson,Johnson,0,1,3500,TOR@IND,TOR,IND,,,,,,SF
67626-157826,SG,Quentin,Quentin Grimes,Grimes,1.8999999364217122,6,3500,PHO@NY,NY,PHO,,,,,,SG
67626-157827,PF,Isaiah,Isaiah Jackson,Jackson,5,3,3500,TOR@IND,IND,TOR,,,,,,PF
67626-145536,PG,Theo,Theo Maledon,Maledon,6.05999984741211,10,3500,WAS@OKC,OKC,WAS,,,,,,PG
67626-157824,PG,Miles,Miles McBride,McBride,0.6,5,3500,PHO@NY,NY,PHO,,,,,,PG
67626-157825,C,Jericho,Jericho Sims,Sims,2.5333333015441895,6,3500,PHO@NY,NY,PHO,,,,,,C
67626-158854,PF,Sam,Sam Hauser,Hauser,2.0999999046325684,2,3500,BOS@SA,BOS,SA,,,,,,PF
67626-157831,PG,Tre,Tre Mann,Mann,8.780000305175781,10,3500,WAS@OKC,OKC,WAS,,,,,,PG
67626-158855,SF,Justin,Justin Champagnie,Champagnie,2.442857197352818,7,3500,TOR@IND,TOR,IND,,,,,,SF
67626-145540,PG,Vit,Vit Krejci,Krejci,1.5333333015441895,3,3500,WAS@OKC,OKC,WAS,,,,,,PG
67626-158852,PG,McKinley,McKinley Wright,Wright,2,1,3500,MIN@CHA,MIN,CHA,,,,,,PG
67626-157832,PG,Sharife,Sharife Cooper,Cooper,1.4,5,3500,ATL@MEM,ATL,MEM,,,,,,PG
67626-158856,PF,Trendon,Trendon Watford,Watford,5,1,3500,POR@GS,POR,GS,,,,,,PF
67626-157833,SF,Jalen,Jalen Johnson,Johnson,2.857142857142857,7,3500,ATL@MEM,ATL,MEM,,,,,,SF
67626-145548,PF,Anthony,Anthony Gill,Gill,5.8599998474121096,5,3500,WAS@OKC,WAS,OKC,,,,,,PF
67626-157846,PF/C,Sandro,Sandro Mamukelashvili,Mamukelashvili,4.224999904632568,8,3500,MIL@DEN,MIL,DEN,,,,,,PF/C
67626-157844,PF,Santi,Santi Aldama,Aldama,6.014285496303013,7,3500,ATL@MEM,MEM,ATL,,,,,,PF
67626-158372,SG,Duane,Duane Washington,Washington,3.0999999046325684,2,3500,TOR@IND,IND,TOR,,,,,,SG
67626-70822,SF/PF,Juancho,Juancho Hernangomez,Hernangomez,2.909090909090909,11,3500,BOS@SA,BOS,SA,,,,,,SF/PF
67626-158373,PG,Jose,Jose Alvarado,Alvarado,4.220000076293945,5,3500,NO@UTA,NO,UTA,,,,,,PG
67626-70825,SF/SG,Timothe,Timothe Luwawu-Cabarrot,Luwawu-Cabarrot,2.6499999364217124,12,3500,ATL@MEM,ATL,MEM,,,,,,SG/SF
67626-70833,PF,Petr,Petr Cornelie,Cornelie,2.3499999046325684,4,3500,MIL@DEN,DEN,MIL,,,,,,PF
67626-84668,SG,Troy,Troy Brown,Brown,6.066666920979817,12,3500,CHI@ORL,CHI,ORL,,,,,,SG
67626-19138,PG,Elfrid,Elfrid Payton,Payton,14.383333841959635,6,3500,PHO@NY,PHO,NY,,,,,,PG
67626-84674,SF/PF,Kevin,Kevin Knox,Knox,0.9666666984558105,3,3500,PHO@NY,NY,PHO,,,,,,SF/PF
67626-161487,PG,Jeff,Jeff Dowtin,Dowtin,1.2000000476837158,2,3500,POR@GS,GS,POR,,,,,,PG
67626-157910,PF,Isaiah,Isaiah Todd,Todd,4.733333269755046,3,3500,WAS@OKC,WAS,OKC,,,,,,PF
67626-84692,SF,Arnoldas,Arnoldas Kulboka,Kulboka,,,3500,MIN@CHA,CHA,MIN,,,,,,SF
67626-157909,SF,Georgios,Georgios Kalaitzakis,Kalaitzakis,3.5142857687813893,7,3500,MIL@DEN,MIL,DEN,,,,,,SF
67626-14554,PG/SG,E'Twaun,E'Twaun Moore,Moore,9.602941176470589,34,3500,CHI@ORL,ORL,CHI,O,Knee,,,,PG/SG
67626-84707,SF,Chandler,Chandler Hutchison,Hutchison,1.7666667302449544,3,3500,PHO@NY,PHO,NY,,,,,,SF
67626-145632,PF,Killian,Killian Tillie,Tillie,4.6,5,3500,ATL@MEM,MEM,ATL,,,,,,PF
67626-23780,SF/PF,Jake,Jake Layman,Layman,1.7666667302449544,6,3500,MIN@CHA,MIN,CHA,,,,,,SF/PF
67626-110313,C,Bol,Bol Bol,Bol,5.474999904632568,8,3500,MIL@DEN,DEN,MIL,,,,,,C
67626-110827,SG,Matt,Matt Thomas,Thomas,2.566666603088379,6,3500,CHI@ORL,CHI,ORL,,,,,,SG
67626-110317,PG,Jaylen,Jaylen Nowell,Nowell,6.349999904632568,8,3500,MIN@CHA,MIN,CHA,,,,,,PG
67626-84718,PF,Alize,Alize Johnson,Johnson,6.150000254313151,12,3500,CHI@ORL,CHI,ORL,,,,,,PF
67626-110321,SG,Romeo,Romeo Langford,Langford,10.093332926432291,15,3500,BOS@SA,BOS,SA,,,,,,SG
67626-67312,C/PF,Thomas,Thomas Bryant,Bryant,26.370001220703124,10,3500,WAS@OKC,WAS,OKC,O,Knee,,,,PF/C
67626-110323,C/PF,Eric,Eric Paschall,Paschall,7.794117647058823,17,3500,NO@UTA,UTA,NO,,,,,,PF/C
67626-84722,PF,Isaac,Isaac Bonga,Bonga,3.4666665395100913,3,3500,TOR@IND,TOR,IND,,,,,,PF
67626-110324,SG,Miye,Miye Oni,Oni,1.0750000476837158,8,3500,NO@UTA,UTA,NO,,,,,,SG
67626-85238,SG,Yuta,Yuta Watanabe,Watanabe,18.600000381469727,1,3500,TOR@IND,TOR,IND,GTD,Calf,,,,SG
67626-110329,PF,Bruno,Bruno Fernando,Fernando,0.528571435383388,7,3500,BOS@SA,BOS,SA,,,,,,PF
67626-97018,PG,Chris,Chris Chiozza,Chiozza,7.2000002179827005,7,3500,POR@GS,GS,POR,,,,,,PG
67626-110333,SF/SG,Jarrett,Jarrett Culver,Culver,7.074999809265137,4,3500,ATL@MEM,MEM,ATL,,,,,,SG/SF
67626-111371,PG,Justin,Justin Robinson,Robinson,6.756249904632568,16,3500,MIL@DEN,MIL,DEN,,,,,,PG
67626-111372,SF/PF,Thanasis,Thanasis Antetokounmpo,Antetokounmpo,10.712499618530273,16,3500,MIL@DEN,MIL,DEN,,,,,,SF/PF
67626-55056,PF,Dario,Dario Saric,Saric,14.6328125,64,3500,PHO@NY,PHO,NY,O,Knee,,,,PF
67626-115994,PF,Tyler,Tyler Cook,Cook,10.399999618530273,1,3500,CHI@ORL,CHI,ORL,,,,,,PF
67626-145737,SG,Brodric,Brodric Thomas,Thomas,0.10000000149011612,2,3500,BOS@SA,BOS,SA,,,,,,SG
67626-159064,SF,Yves,Yves Pons,Pons,1.2000000476837158,1,3500,ATL@MEM,MEM,ATL,,,,,,SF
67626-15727,SG/PG,Ben,Ben McLemore,McLemore,3.7400001525878905,5,3500,POR@GS,POR,GS,,,,,,PG/SG
67626-159096,SG,Chaundee,Chaundee Brown,Brown,,,3500,SAC@LAL,LAL,SAC,,,,,,SG
67626-159097,C,Jay,Jay Huff,Huff,3.9000000953674316,1,3500,SAC@LAL,LAL,SAC,,,,,,C
67626-145303,SG,Skylar,Skylar Mays,Mays,2.2714285169328963,7,3500,ATL@MEM,ATL,MEM,,,,,,SG
67626-16790,PG,Brad,Brad Wanamaker,Wanamaker,8.90999984741211,10,3500,TOR@IND,IND,TOR,,,,,,PG
67626-145306,SF,CJ,CJ Elleby,Elleby,3.112499952316284,8,3500,POR@GS,POR,GS,,,,,,SF
67626-15771,C,Gorgui,Gorgui Dieng,Dieng,8.433333502875435,18,3500,ATL@MEM,ATL,MEM,,,,,,C
67626-145308,SF/PF,Patrick,Patrick Williams,Williams,12.740000152587891,5,3500,CHI@ORL,CHI,ORL,O,Wrist,,,,SF/PF
67626-145309,C,Udoka,Udoka Azubuike,Azubuike,1.4500000476837158,4,3500,NO@UTA,UTA,NO,,,,,,C
67626-145315,SF,Elijah,Elijah Hughes,Hughes,0.800000011920929,4,3500,NO@UTA,UTA,NO,,,,,,SF
67626-145312,PF/C,Vernon,Vernon Carey,Carey,1.2000000476837158,1,3500,MIN@CHA,CHA,MIN,,,,,,PF/C
67626-145825,PF,Malik,Malik Fitts,Fitts,0.8000000317891439,3,3500,NO@UTA,UTA,NO,,,,,,PF
67626-80805,PG/SG,Markelle,Markelle Fultz,Fultz,26.1875,8,3500,CHI@ORL,ORL,CHI,O,Knee,,,,PG/SG
67626-145317,PG,Sam,Sam Merrill,Merrill,6.233333587646484,6,3500,ATL@MEM,MEM,ATL,O,Ankle,,,,PG
67626-145322,PF/C,Jalen,Jalen Smith,Smith,6.719999694824219,5,3500,PHO@NY,PHO,NY,,,,,,PF/C
67626-80814,PG,Dennis,Dennis Smith,Smith,12.01111094156901,9,3500,POR@GS,POR,GS,,,,,,PG
67626-148402,SF,Gabriel,Gabriel Deck,Deck,3.220000076293945,5,3500,WAS@OKC,OKC,WAS,,,,,,SF
67626-160182,SG,DeJon,DeJon Jarreau,Jarreau,0,1,3500,TOR@IND,IND,TOR,,,,,,SG
67626-145335,PG/SG,Payton,Payton Pritchard,Pritchard,4.647058823529412,17,3500,BOS@SA,BOS,SA,,,,,,PG/SG
67626-158135,SG,Joel,Joel Ayayi,Ayayi,1.3999999364217122,3,3500,WAS@OKC,WAS,OKC,,,,,,SG
67626-145338,PG,Jahmi'us,Jahmi'us Ramsey,Ramsey,2.6,5,3500,SAC@LAL,SAC,LAL,,,,,,PG
67626-158137,C,Jock,Jock Landale,Landale,4.079999923706055,5,3500,BOS@SA,SA,BOS,,,,,,C
67626-145344,PG/SG,Malachi,Malachi Flynn,Flynn,6.1769233116736775,13,3500,TOR@IND,TOR,IND,,,,,,PG/SG
67626-145350,PF,Robert,Robert Woodard,Woodard,0,1,3500,SAC@LAL,SAC,LAL,,,,,,PF
67626-145349,PG,Cassius,Cassius Winston,Winston,3.383999938964844,25,3500,WAS@OKC,WAS,OKC,,,,,,PG
67626-145354,SG,Devon,Devon Dotson,Dotson,5.599999904632568,1,3500,CHI@ORL,CHI,ORL,,,,,,SG
67626-145352,SG,Trent,Trent Forrest,Forrest,3.3500000635782876,12,3500,NO@UTA,UTA,NO,,,,,,SG
67626-145358,PG,Markus,Markus Howard,Howard,2.9000000953674316,8,3500,MIL@DEN,DEN,MIL,,,,,,PG
67626-49115,SG,Wayne,Wayne Selden,Selden,0,1,3500,PHO@NY,NY,PHO,,,,,,SG