Id,Position,First Name,Nickname,Last Name,FPPG,Played,Salary,Game,Team,Opponent,Injury Indicator,Injury Details,Tier,Probable Pitcher,Batting Order,Roster Position
75691-60633,P,Carlos,Carlos Rodon,Rodon,45,5,11100,STL@SF,SF,STL,,,,,,P
75691-52859,P,Jacob,Jacob deGrom,deGrom,50.375,16,10900,NYM@PHI,NYM,PHI,IL,Shoulder,,,0,P
75691-5202,P,Justin,Justin Verlander,Verlander,40.8,5,10800,DET@HOU,HOU,DET,,,,,0,P
75691-5481,P,Max,Max Scherzer,Scherzer,45.6,5,10800,NYM@PHI,NYM,PHI,,,,,0,P
75691-83152,P,Pablo,Pablo Lopez,Lopez,37.6,5,10500,MIA@SD,MIA,SD,,,,,,P
75691-16931,P,Yu,Yu Darvish,Darvish,28.6,5,10500,MIA@SD,SD,MIA,,,,,,P
75691-68523,P,Joe,Joe Musgrove,Musgrove,43.6,5,10400,MIA@SD,SD,MIA,,,,,,P
75691-101839,P,Logan,Logan Webb,Webb,30.4,5,10300,STL@SF,SF,STL,,,,Yes,,P
75691-119430,P,Joe,Joe Ryan,Ryan,36.4,5,10200,MIN@BAL,MIN,BAL,,,,,0,P
75691-102407,P,Shane,Shane McClanahan,McClanahan,38.8,5,10100,TB@SEA,TB,SEA,,,,Yes,,P
75691-82635,P,MacKenzie,MacKenzie Gore,Gore,32.25,4,10100,MIA@SD,SD,MIA,,,,,,P
75691-53067,P,Chris,Chris Bassitt,Bassitt,40.4,5,10000,NYM@PHI,NYM,PHI,,,,,0,P
75691-60647,P,Aaron,Aaron Nola,Nola,32.6,5,9900,NYM@PHI,PHI,NYM,,,,Yes,,P
75691-17121,P,Miles,Miles Mikolas,Mikolas,33.4,5,9600,STL@SF,STL,SF,,,,Yes,,P
75691-52165,P,Sean,Sean Manaea,Manaea,34.4,5,9600,MIA@SD,SD,MIA,,,,,,P
75691-154714,P,Tylor,Tylor Megill,Megill,34.833333333333336,6,9500,NYM@PHI,NYM,PHI,,,,,0,P
75691-79245,P,Sandy,Sandy Alcantara,Alcantara,33,5,9500,MIA@SD,MIA,SD,,,,,,P
75691-141024,P,Bruce,Bruce Zimmermann,Zimmermann,27.4,5,9500,MIN@BAL,BAL,MIN,,,,,0,P
75691-119340,P,Tarik,Tarik Skubal,Skubal,27.75,4,9400,DET@HOU,DET,HOU,,,,Yes,,P
75691-102396,P,Logan,Logan Gilbert,Gilbert,37.4,5,9300,TB@SEA,SEA,TB,,,,,,P
75691-79280,P,Jesus,Jesus Luzardo,Luzardo,35,4,9100,MIA@SD,MIA,SD,,,,Yes,,P
75691-38028,P,Alex,Alex Wood,Wood,25.6,5,9000,STL@SF,SF,STL,,,,,,P
75691-79254,P,Dakota,Dakota Hudson,Hudson,25.6,5,8900,STL@SF,STL,SF,,,,,,P
75691-16957,P,Dylan,Dylan Bundy,Bundy,22.2,5,8900,MIN@BAL,MIN,BAL,,,,,0,P
75691-17064,P,Sonny,Sonny Gray,Gray,11,2,8900,MIN@BAL,MIN,BAL,IL,Hamstring,,,0,P
75691-53029,P,Robbie,Robbie Ray,Ray,30.2,5,8900,TB@SEA,SEA,TB,,,,Yes,,P
75691-13123,P,Alex,Alex Cobb,Cobb,20,3,8800,STL@SF,SF,STL,,,,,,P
75691-68488,P,Blake,Blake Snell,Snell,0,1,8800,MIA@SD,SD,MIA,IL,Groin,,,,P
75691-53607,P,Anthony,Anthony DeSclafani,DeSclafani,17.333333333333332,3,8700,STL@SF,SF,STL,IL,Ankle,,,,P
75691-52174,P,Steven,Steven Matz,Matz,27.6,5,8700,STL@SF,STL,SF,NA,Personal,,,,P
75691-6266,P,Carlos,Carlos Carrasco,Carrasco,32.2,6,8600,NYM@PHI,NYM,PHI,,,,,0,P
75691-145612,P,Bailey,Bailey Ober,Ober,24.75,4,8600,MIN@BAL,MIN,BAL,IL,Groin,,,0,P
75691-79246,P,Jack,Jack Flaherty,Flaherty,29.176470588235293,17,8600,STL@SF,STL,SF,IL,Shoulder,,,,P
75691-5431,P,Adam,Adam Wainwright,Wainwright,30,6,8500,STL@SF,STL,SF,,,,,,P
75691-81490,P,Chris,Chris Flexen,Flexen,25.2,5,8500,TB@SEA,SEA,TB,,,,,,P
75691-85599,P,Framber,Framber Valdez,Valdez,24.8,5,8400,DET@HOU,HOU,DET,,,,,0,P
75691-82630,P,Shane,Shane Baz,Baz,25.25,4,8300,TB@SEA,TB,SEA,IL,Elbow,,,,P
75691-119361,P,Drew,Drew Rasmussen,Rasmussen,24.8,5,8200,TB@SEA,TB,SEA,,,,,,P
75691-12936,P,Kyle,Kyle Gibson,Gibson,30.8,5,8200,NYM@PHI,PHI,NYM,,,,,0,P
75691-70559,P,Mike,Mike Clevinger,Clevinger,17,1,8200,MIA@SD,SD,MIA,,,,,,P
75691-16960,P,Zack,Zack Wheeler,Wheeler,26.4,5,8100,NYM@PHI,PHI,NYM,,,,,0,P
75691-53590,P,Nick,Nick Martinez,Martinez,23,4,8000,MIA@SD,SD,MIA,,,,Yes,,P
75691-52159,P,Lance,Lance McCullers Jr.,McCullers Jr.,33.59375,32,8000,DET@HOU,HOU,DET,IL,Forearm,,,0,P
75691-79147,P,Jakob,Jakob Junis,Junis,33,2,7900,STL@SF,SF,STL,,,,,,P
75691-135212,P,Luis,Luis Garcia,Garcia,25.5,4,7800,DET@HOU,HOU,DET,,,,,0,P
75691-79224,P,Chris,Chris Paddack,Paddack,23.25,4,7800,MIN@BAL,MIN,BAL,,,,,0,P
75691-79133,P,Matt,Matt Manning,Manning,17,2,7700,DET@HOU,DET,HOU,IL,Shoulder,,,0,P
75691-82607,P,Trevor,Trevor Rogers,Rogers,17,5,7700,MIA@SD,MIA,SD,,,,,,P
75691-82618,P,David,David Peterson,Peterson,25.8,5,7600,NYM@PHI,NYM,PHI,,,,,0,P
75691-102335,P,Cristian,Cristian Javier,Javier,24.4,5,7600,DET@HOU,HOU,DET,,,,,0,P
75691-13627,P,Corey,Corey Kluber,Kluber,29.6,5,7400,TB@SEA,TB,SEA,,,,,,P
75691-163664,P,Tommy,Tommy Romero,Romero,5.5,2,7400,TB@SEA,TB,SEA,,,,,,P
75691-12921,P,Chris,Chris Archer,Archer,18.25,4,7300,MIN@BAL,MIN,BAL,,,,Yes,,P
75691-68482,P,Zach,Zach Eflin,Eflin,20,5,7300,NYM@PHI,PHI,NYM,,,,,0,P
75691-135191,P,Josh,Josh Fleming,Fleming,14.8,5,7200,TB@SEA,TB,SEA,,,,,,P
75691-83157,P,Ranger,Ranger Suarez,Suarez,19,5,7200,NYM@PHI,PHI,NYM,,,,,0,P
75691-21097,P,Taijuan,Taijuan Walker,Walker,18,2,7200,NYM@PHI,NYM,PHI,,,,Yes,,P
75691-82810,P,Elieser,Elieser Hernandez,Hernandez,20.8,5,7200,MIA@SD,MIA,SD,,,,,,P
75691-52190,P,Marco,Marco Gonzales,Gonzales,19,5,7100,TB@SEA,SEA,TB,,,,,,P
75691-12929,P,Jordan,Jordan Lyles,Lyles,23.6,5,7000,MIN@BAL,BAL,MIN,,,,,0,P
75691-155315,P,Spenser,Spenser Watkins,Watkins,15.5,4,7000,MIN@BAL,BAL,MIN,,,,Yes,,P
75691-80433,P,Dinelson,Dinelson Lamet,Lamet,4.375,8,6900,MIA@SD,SD,MIA,,,,,,P
75691-12864,P,Michael,Michael Pineda,Pineda,18.333333333333332,3,6900,DET@HOU,DET,HOU,,,,,0,P
75691-110822,P,Jose,Jose Urquidy,Urquidy,17.75,4,6800,DET@HOU,HOU,DET,,,,Yes,,P
75691-82638,P,Jordan,Jordan Hicks,Hicks,13.4,5,6800,STL@SF,STL,SF,,,,,,P
75691-38228,P,Trevor,Trevor May,May,2.75,8,6700,NYM@PHI,NYM,PHI,IL,Triceps,,,0,P
75691-163700,P,Kyle,Kyle Bradish,Bradish,15.5,2,6700,MIN@BAL,BAL,MIN,,,,,0,P
75691-52142,P,Eduardo,Eduardo Rodriguez,Rodriguez,21.6,5,6700,DET@HOU,DET,HOU,,,,,0,P
75691-169636,P,Beau,Beau Brieske,Brieske,18,2,6600,DET@HOU,DET,HOU,,,,,0,P
75691-68452,P,Kenta,Kenta Maeda,Maeda,24,23,6600,MIN@BAL,MIN,BAL,IL,Elbow,,,0,P
75691-68483,P,Trevor,Trevor Williams,Williams,5.5,4,6600,NYM@PHI,NYM,PHI,,,,,0,P
75691-52183,P,Tyler,Tyler Glasnow,Glasnow,44.357142857142854,14,6500,TB@SEA,TB,SEA,IL,Elbow,,,,P
75691-79123,P,Tyler,Tyler Alexander,Alexander,7,4,6400,DET@HOU,DET,HOU,IL,Elbow,,,0,P
75691-162419,P,Matt,Matt Brash,Brash,14.4,5,6300,TB@SEA,SEA,TB,,,,,,P
75691-68467,P,Chris,Chris Ellis,Ellis,4,2,6300,MIN@BAL,BAL,MIN,IL,Shoulder,,,0,P
75691-17116,P,Jake,Jake Odorizzi,Odorizzi,18.2,5,6200,DET@HOU,HOU,DET,,,,,0,P
75691-152888,P,Sam,Sam Long,Long,4.625,8,6100,STL@SF,SF,STL,,,,,,P
75691-79198,P,Justus,Justus Sheffield,Sheffield,5,4,6000,TB@SEA,SEA,TB,,,,,,P
75691-63136,P,Matthew,Matthew Boyd,Boyd,25.133333333333333,15,6000,STL@SF,SF,STL,IL,Elbow,,,,P
75691-68485,P,Ryan,Ryan Yarbrough,Yarbrough,-2,1,6000,TB@SEA,TB,SEA,,,,,,P
75691-13258,P,Wily,Wily Peralta,Peralta,8.6,5,6000,DET@HOU,DET,HOU,,,,,0,P
75691-71034,P,Seth,Seth Lugo,Lugo,4.333333333333333,12,5900,NYM@PHI,NYM,PHI,,,,,0,P
75691-118221,P,J.P.,J.P. Feyereisen,Feyereisen,9.222222222222221,9,5900,TB@SEA,TB,SEA,,,,,,P
75691-66765,P,Jorge,Jorge Lopez,Lopez,7.7272727272727275,11,5800,MIN@BAL,BAL,MIN,,,,,0,P
75691-79085,P,Keegan,Keegan Akin,Akin,10,7,5800,MIN@BAL,BAL,MIN,,,,,0,P
75691-145922,P,Tyler,Tyler Wells,Wells,13.8,5,5800,MIN@BAL,BAL,MIN,,,,,0,P
75691-102440,P,Mike,Mike Baumann,Baumann,6.2,5,5700,MIN@BAL,BAL,MIN,,,,,0,P
75691-82636,P,Joey,Joey Lucchesi,Lucchesi,17,11,5700,NYM@PHI,NYM,PHI,IL,Elbow,,,0,P
75691-119328,P,Packy,Packy Naughton,Naughton,5,2,5600,STL@SF,STL,SF,,,,,,P
75691-110564,P,Chris,Chris Mazza,Mazza,8,2,5600,TB@SEA,TB,SEA,IL,Back,,,,P
75691-97300,P,John,John Means,Means,18,2,5500,MIN@BAL,BAL,MIN,IL,Elbow,,,0,P
75691-114708,P,Randy,Randy Dobnak,Dobnak,8.142857142857142,14,5500,MIN@BAL,MIN,BAL,IL,Finger,,,0,P
75691-135192,P,Ryan,Ryan Thompson,Thompson,4.454545454545454,11,5500,TB@SEA,TB,SEA,,,,,,P
75691-161827,P,Seth,Seth Martinez,Martinez,6,1,5500,DET@HOU,HOU,DET,,,,,0,P
75691-135214,P,Ralph,Ralph Garza Jr.,Garza Jr.,3,1,5500,TB@SEA,TB,SEA,,,,,,P
75691-102447,P,Dean,Dean Kremer,Kremer,13.461538461538462,13,5500,MIN@BAL,BAL,MIN,IL,Oblique,,,0,P
75691-149577,P,Louis,Louis Head,Head,5.222222222222222,9,5500,MIA@SD,MIA,SD,,,,,,P
75691-135250,P,Daniel,Daniel Castano,Castano,6,2,5500,MIA@SD,MIA,SD,,,,,,P
75691-79960,P,Paul,Paul Fry,Fry,3.6666666666666665,9,5500,MIN@BAL,BAL,MIN,,,,,0,P
75691-135256,P,Connor,Connor Brogdon,Brogdon,1,3,5500,NYM@PHI,PHI,NYM,,,,,0,P
75691-135257,P,Damon,Damon Jones,Jones,3.5,4,5500,NYM@PHI,PHI,NYM,,,,,0,P
75691-13404,P,Anthony,Anthony Bass,Bass,5.75,12,5500,MIA@SD,MIA,SD,,,,,,P
75691-135262,P,Anthony,Anthony Misiewicz,Misiewicz,3,8,5500,TB@SEA,SEA,TB,,,,,,P
75691-5230,P,Joe,Joe Smith,Smith,4.9,10,5500,MIN@BAL,MIN,BAL,,,,,0,P
75691-116847,P,Cole,Cole Sulser,Sulser,5.166666666666667,12,5500,MIA@SD,MIA,SD,,,,,,P
75691-85107,P,James,James Norwood,Norwood,3.625,8,5500,NYM@PHI,PHI,NYM,,,,,0,P
75691-135281,P,Bryan,Bryan Baker,Baker,4.9,10,5500,MIN@BAL,BAL,MIN,,,,,0,P
75691-102517,P,Jhoan,Jhoan Duran,Duran,10.125,8,5500,MIN@BAL,MIN,BAL,,,,,0,P
75691-38007,P,Jose,Jose Alvarez,Alvarez,4.555555555555555,9,5500,STL@SF,SF,STL,,,,,,P
75691-135289,P,Kodi,Kodi Whitley,Whitley,6.25,8,5500,STL@SF,STL,SF,,,,,,P
75691-13438,P,Drew,Drew Pomeranz,Pomeranz,5.851851851851852,27,5500,MIA@SD,SD,MIA,IL,Elbow,,,,P
75691-102536,P,Nick,Nick Nelson,Nelson,11,6,5500,NYM@PHI,PHI,NYM,,,,,0,P
75691-38036,P,T.J.,T.J. McFarland,McFarland,2.625,8,5500,STL@SF,STL,SF,,,,,,P
75691-102549,P,Andres,Andres Munoz,Munoz,8.25,8,5500,TB@SEA,SEA,TB,,,,,,P
75691-21653,P,Hector,Hector Neris,Neris,5.769230769230769,13,5500,DET@HOU,HOU,DET,,,,,0,P
75691-81044,P,Austin,Austin Adams,Adams,9.5,2,5500,MIA@SD,SD,MIA,IL,Forearm,,,,P
75691-73878,P,Matt,Matt Koch,Koch,2.5,4,5500,TB@SEA,SEA,TB,,,,,,P
75691-38041,P,Ryan,Ryan Pressly,Pressly,3.25,4,5500,DET@HOU,HOU,DET,,,,,0,P
75691-73882,P,Joely,Joely Rodriguez,Rodriguez,4.1,10,5500,NYM@PHI,NYM,PHI,,,,,0,P
75691-81052,P,Andrew,Andrew Kittredge,Kittredge,7.9,10,5500,TB@SEA,TB,SEA,,,,,,P
75691-152733,P,Griffin,Griffin Jax,Jax,11.5,6,5500,MIN@BAL,MIN,BAL,,,,,0,P
75691-80033,P,Emilio,Emilio Pagan,Pagan,5.857142857142857,7,5500,MIN@BAL,MIN,BAL,,,,,0,P
75691-102560,P,Camilo,Camilo Doval,Doval,6.4,10,5500,STL@SF,SF,STL,,,,,,P
75691-80034,P,Jose,Jose Alvarado,Alvarado,4.7,10,5500,NYM@PHI,PHI,NYM,,,,,0,P
75691-39081,P,Chasen,Chasen Shreve,Shreve,8.625,8,5500,NYM@PHI,NYM,PHI,,,,,0,P
75691-102568,P,Colin,Colin Poche,Poche,3.8,5,5500,TB@SEA,TB,SEA,,,,,,P
75691-85164,P,Matt,Matt Festa,Festa,6.818181818181818,11,5500,TB@SEA,SEA,TB,IL,Elbow,,,,P
75691-102574,P,Jake,Jake Woodford,Woodford,8.2,5,5500,STL@SF,STL,SF,,,,,,P
75691-62641,P,Andrew,Andrew Bellatti,Bellatti,6.428571428571429,7,5500,NYM@PHI,PHI,NYM,,,,,0,P
75691-135361,P,Nabil,Nabil Crismatt,Crismatt,8.833333333333334,6,5500,MIA@SD,SD,MIA,,,,,,P
75691-83159,P,Diego,Diego Castillo,Castillo,4.909090909090909,11,5500,TB@SEA,SEA,TB,,,,,,P
75691-83158,P,Seranthony,Seranthony Dominguez,Dominguez,5.5,10,5500,NYM@PHI,PHI,NYM,,,,,0,P
75691-145625,P,Bailey,Bailey Falter,Falter,4.75,4,5500,NYM@PHI,PHI,NYM,,,,,0,P
75691-145630,P,Kervin,Kervin Castro,Castro,1,2,5500,STL@SF,SF,STL,,,,,,P
75691-83166,P,Zack,Zack Littell,Littell,5.5,6,5500,STL@SF,SF,STL,IL,Illness,,,,P
75691-149731,P,Anthony,Anthony Bender,Bender,3.4,10,5500,MIA@SD,MIA,SD,,,,,,P
75691-152806,P,Jason,Jason Foley,Foley,2.2,5,5500,DET@HOU,DET,HOU,,,,,0,P
75691-169195,P,Jeff,Jeff Singer,Singer,,,5500,NYM@PHI,PHI,NYM,,,,,0,P
75691-79084,P,Tanner,Tanner Scott,Scott,6.083333333333333,12,5500,MIA@SD,MIA,SD,,,,,,P
75691-79088,P,Travis,Travis Lakins Sr.,Lakins Sr.,3.2,5,5500,MIN@BAL,BAL,MIN,,,,,0,P
75691-21764,P,Caleb,Caleb Thielbar,Thielbar,4.125,9,5500,MIN@BAL,MIN,BAL,,,,,0,P
75691-85253,P,Casey,Casey Mize,Mize,12,2,5500,DET@HOU,DET,HOU,IL,Elbow,,,0,P
75691-162057,P,Jhon,Jhon Romero,Romero,6.75,4,5500,MIN@BAL,MIN,BAL,IL,Biceps,,,0,P
75691-146702,P,Cole,Cole Sands,Sands,6,1,5500,MIN@BAL,MIN,BAL,,,,,0,P
75691-79124,P,Joe,Joe Jimenez,Jimenez,5.2,10,5500,DET@HOU,DET,HOU,,,,,0,P
75691-85271,P,Alexander,Alexander Wells,Wells,11.5,2,5500,MIN@BAL,BAL,MIN,IL,Elbow,,,0,P
75691-83232,P,Jason,Jason Adam,Adam,6,10,5500,TB@SEA,TB,SEA,,,,,,P
75691-85289,P,Nick,Nick Anderson,Anderson,2,6,5500,TB@SEA,TB,SEA,IL,Elbow,,,,P
75691-53550,P,Alex,Alex Reyes,Reyes,6.774647887323944,71,5500,STL@SF,STL,SF,IL,Shoulder,,,,P
75691-157997,P,Sean,Sean Guenther,Guenther,3.0714285714285716,14,5500,MIA@SD,MIA,SD,IL,Elbow,,,,P
75691-12594,P,Jake,Jake McGee,McGee,2.875,8,5500,STL@SF,SF,STL,,,,,,P
75691-13635,P,Brad,Brad Hand,Hand,4.3,10,5500,NYM@PHI,PHI,NYM,,,,,0,P
75691-38216,P,Jose,Jose Cisnero,Cisnero,4.731343283582089,67,5500,DET@HOU,DET,HOU,IL,Shoulder,,,0,P
75691-79179,P,Marcos,Marcos Diplan,Diplan,1,1,5500,MIN@BAL,BAL,MIN,,,,,0,P
75691-38240,P,Rafael,Rafael Montero,Montero,7.9,10,5500,DET@HOU,HOU,DET,,,,,0,P
75691-118123,P,Blake,Blake Taylor,Taylor,3.7,10,5500,DET@HOU,HOU,DET,,,,,0,P
75691-118124,P,Kent,Kent Emanuel,Emanuel,8.3,10,5500,NYM@PHI,PHI,NYM,IL,Elbow,,,0,P
75691-79227,P,Adrian,Adrian Morejon,Morejon,8.5,2,5500,MIA@SD,SD,MIA,IL,Elbow,,,,P
75691-169337,P,Phoenix,Phoenix Sanders,Sanders,10.2,5,5500,TB@SEA,TB,SEA,IL,Back,,,,P
75691-149886,P,Cody,Cody Poteet,Poteet,10.166666666666666,6,5500,MIA@SD,MIA,SD,,,,,,P
75691-79258,P,Ryne,Ryne Stanek,Stanek,4.4,10,5500,DET@HOU,HOU,DET,,,,,0,P
75691-38303,P,Andrew,Andrew Chafin,Chafin,6,4,5500,DET@HOU,DET,HOU,,,,,0,P
75691-79275,P,Sean,Sean Reid-Foley,Reid-Foley,5.142857142857143,7,5500,NYM@PHI,NYM,PHI,IL,Elbow,,,0,P
75691-101816,P,Bryan,Bryan Abreu,Abreu,8.125,8,5500,DET@HOU,HOU,DET,,,,,0,P
75691-169400,P,Parker,Parker Mushinski,Mushinski,5.6,5,5500,DET@HOU,HOU,DET,,,,,0,P
75691-40382,P,Luis,Luis Garcia,Garcia,4.375,8,5500,MIA@SD,SD,MIA,,,,,,P
75691-101836,P,Pedro,Pedro Avila,Avila,10.5,2,5500,MIA@SD,SD,MIA,,,,,,P
75691-84431,P,Dereck,Dereck Rodriguez,Rodriguez,9,1,5500,MIN@BAL,MIN,BAL,,,,,0,P
75691-118223,P,Mauricio,Mauricio Llovera,Llovera,6,3,5500,STL@SF,SF,STL,,,,,,P
75691-118225,P,Cristopher,Cristopher Sanchez,Sanchez,10.5,4,5500,NYM@PHI,PHI,NYM,,,,,0,P
75691-101845,P,Genesis,Genesis Cabrera,Cabrera,5.888888888888889,9,5500,STL@SF,STL,SF,,,,,,P
75691-101846,P,Erik,Erik Swanson,Swanson,7.555555555555555,9,5500,TB@SEA,SEA,TB,,,,,,P
75691-80346,P,Giovanny,Giovanny Gallegos,Gallegos,3.75,8,5500,STL@SF,STL,SF,,,,,,P
75691-158178,P,Dusten,Dusten Knight,Knight,13,1,5500,TB@SEA,TB,SEA,,,,,,P
75691-85476,P,Jeffrey,Jeffrey Springs,Springs,9.333333333333334,9,5500,TB@SEA,TB,SEA,,,,,,P
75691-161275,P,Kyle,Kyle Tyler,Tyler,8.6,5,5500,MIA@SD,SD,MIA,,,,,,P
75691-145918,P,Will,Will Vest,Vest,7.375,8,5500,DET@HOU,DET,HOU,,,,,0,P
75691-145919,P,Paul,Paul Campbell,Campbell,7.0625,16,5500,MIA@SD,MIA,SD,IL,Elbow,,,,P
75691-145916,P,Zach,Zach Pop,Pop,0,1,5500,MIA@SD,MIA,SD,,,,,,P
75691-58913,P,Danny,Danny Coulombe,Coulombe,7.142857142857143,7,5500,MIN@BAL,MIN,BAL,,,,,0,P
75691-79402,P,Cionel,Cionel Perez,Perez,5.7,10,5500,MIN@BAL,BAL,MIN,,,,,0,P
75691-64044,P,Tyler,Tyler Duffey,Duffey,5.222222222222222,9,5500,MIN@BAL,MIN,BAL,,,,,0,P
75691-71218,P,Dylan,Dylan Floro,Floro,5.205882352941177,68,5500,MIA@SD,MIA,SD,IL,Shoulder,,,,P
75691-80446,P,Drew,Drew Steckenrider,Steckenrider,3.5,10,5500,TB@SEA,SEA,TB,,,,,,P
75691-156227,P,Josh,Josh Winder,Winder,20.75,4,5500,MIN@BAL,MIN,BAL,,,,,0,P
75691-80460,P,John,John Brebbia,Brebbia,5.666666666666667,9,5500,STL@SF,SF,STL,,,,,,P
75691-169574,P,Penn,Penn Murfee,Murfee,12,3,5500,TB@SEA,SEA,TB,,,,,,P
75691-82539,P,Jalen,Jalen Beeks,Beeks,14.6,5,5500,TB@SEA,TB,SEA,,,,,,P
75691-82548,P,Alex,Alex Lange,Lange,6.1,10,5500,DET@HOU,DET,HOU,,,,,0,P
75691-118392,P,Rony,Rony Garcia,Garcia,7,4,5500,DET@HOU,DET,HOU,,,,,0,P
75691-118394,P,Yohan,Yohan Ramirez,Ramirez,5.714285714285714,7,5500,TB@SEA,SEA,TB,,,,,,P
75691-52865,P,Corey,Corey Knebel,Knebel,5.5,10,5500,NYM@PHI,PHI,NYM,,,,,0,P
75691-82573,P,Alex,Alex Faedo,Faedo,12,1,5500,DET@HOU,DET,HOU,,,,,0,P
75691-52877,P,Dominic,Dominic Leone,Leone,5,9,5500,STL@SF,SF,STL,IL,Illness,,,,P
75691-82572,P,Gregory,Gregory Soto,Soto,6,8,5500,DET@HOU,DET,HOU,,,,,0,P
75691-14003,P,Drew,Drew Hutchison,Hutchison,7.375,8,5500,DET@HOU,DET,HOU,,,,,0,P
75691-163511,P,Yunior,Yunior Marte,Marte,3.25,8,5500,STL@SF,SF,STL,,,,,,P
75691-163515,P,Elvin,Elvin Rodriguez,Rodriguez,2,1,5500,DET@HOU,DET,HOU,,,,,0,P
75691-80571,P,Phil,Phil Maton,Maton,3.5833333333333335,12,5500,DET@HOU,HOU,DET,,,,,0,P
75691-82627,P,JoJo,JoJo Romero,Romero,2.727272727272727,11,5500,NYM@PHI,PHI,NYM,IL,Elbow,,,0,P
75691-82628,P,Adonis,Adonis Medina,Medina,12,1,5500,NYM@PHI,NYM,PHI,,,,,0,P
75691-82633,P,Michel,Michel Baez,Baez,,,5500,MIA@SD,SD,MIA,IL,Elbow,,,,P
75691-17100,P,Jeurys,Jeurys Familia,Familia,4.555555555555555,9,5500,NYM@PHI,PHI,NYM,,,,,0,P
75691-82639,P,Ryan,Ryan Helsley,Helsley,10.428571428571429,7,5500,STL@SF,STL,SF,,,,,,P
75691-82647,P,Brendan,Brendan McKay,McKay,,,5500,TB@SEA,TB,SEA,IL,Shoulder,,,,P
75691-112348,P,Cody,Cody Stashak,Stashak,9,6,5500,MIN@BAL,MIN,BAL,,,,,0,P
75691-13025,P,Pedro,Pedro Baez,Baez,1.3333333333333333,3,5500,DET@HOU,HOU,DET,,,,,0,P
75691-53990,P,Shawn,Shawn Armstrong,Armstrong,1.5714285714285714,7,5500,MIA@SD,MIA,SD,,,,,,P
75691-81641,P,John,John Curtiss,Curtiss,5.2727272727272725,44,5500,NYM@PHI,NYM,PHI,IL,Elbow,,,0,P
75691-81644,P,Ryan,Ryan Sherriff,Sherriff,4.0625,16,5500,NYM@PHI,PHI,NYM,IL,Shoulder,,,0,P
75691-52977,P,Ken,Ken Giles,Giles,,,5500,TB@SEA,SEA,TB,IL,Finger,,,,P
75691-84727,P,Drew,Drew Smith,Smith,8.272727272727273,11,5500,NYM@PHI,NYM,PHI,,,,,0,P
75691-52986,P,Drew,Drew VerHagen,VerHagen,5.666666666666667,3,5500,STL@SF,STL,SF,IL,Hip,,,,P
75691-52994,P,Casey,Casey Sadler,Sadler,5.186046511627907,43,5500,TB@SEA,SEA,TB,IL,Shoulder,,,,P
75691-52998,P,Aaron,Aaron Brooks,Brooks,5,5,5500,STL@SF,STL,SF,,,,,,P
75691-161563,P,Jovani,Jovani Moran,Moran,18,1,5500,MIN@BAL,MIN,BAL,,,,,0,P
75691-53021,P,Nick,Nick Wittgren,Wittgren,3.3636363636363638,11,5500,STL@SF,STL,SF,,,,,,P
75691-163641,P,Ray,Ray Kerr,Kerr,6,1,5500,MIA@SD,SD,MIA,,,,,,P
75691-163651,P,Angel,Angel De Jesus,De Jesus,15,1,5500,DET@HOU,DET,HOU,,,,,0,P
75691-116548,P,Tyler,Tyler Rogers,Rogers,5,10,5500,STL@SF,SF,STL,,,,,,P
75691-84815,P,Joey,Joey Krehbiel,Krehbiel,4.909090909090909,11,5500,MIN@BAL,BAL,MIN,,,,,0,P
75691-163660,P,Steven,Steven Wilson,Wilson,7.636363636363637,11,5500,MIA@SD,SD,MIA,,,,,,P
75691-68465,P,Yoan,Yoan Lopez,Lopez,6,2,5500,NYM@PHI,NYM,PHI,,,,,0,P
75691-68466,P,Steven,Steven Okert,Okert,6.666666666666667,9,5500,MIA@SD,MIA,SD,,,,,,P
75691-163701,P,Felix,Felix Bautista,Bautista,5.4,10,5500,MIN@BAL,BAL,MIN,,,,,0,P
75691-68475,P,JT,JT Chargois,Chargois,5,1,5500,TB@SEA,TB,SEA,IL,Oblique,,,,P
75691-68477,P,Jake,Jake Reed,Reed,4.8,10,5500,NYM@PHI,NYM,PHI,,,,,0,P
75691-68476,P,Taylor,Taylor Rogers,Rogers,5.636363636363637,11,5500,MIA@SD,SD,MIA,,,,,,P
75691-23437,P,Brooks,Brooks Raley,Raley,5.571428571428571,7,5500,TB@SEA,TB,SEA,,,,,,P
75691-82840,P,Yonny,Yonny Chirinos,Chirinos,,,5500,TB@SEA,TB,SEA,IL,Elbow,,,,P
75691-68518,P,Spencer,Spencer Turnbull,Turnbull,30.444444444444443,9,5500,DET@HOU,DET,HOU,IL,Elbow,,,0,P
75691-68520,P,Michael,Michael Fulmer,Fulmer,6.1,10,5500,DET@HOU,DET,HOU,,,,,0,P
75691-168872,P,Ronel,Ronel Blanco,Blanco,3.5714285714285716,7,5500,DET@HOU,HOU,DET,,,,,0,P
75691-108461,P,Pete,Pete Fairbanks,Fairbanks,5.591836734693878,49,5500,TB@SEA,TB,SEA,IL,Lat,,,,P
75691-68529,P,Jharel,Jharel Cotton,Cotton,6,2,5500,MIN@BAL,MIN,BAL,,,,,0,P
75691-68530,P,Jarlin,Jarlin Garcia,Garcia,6.125,8,5500,STL@SF,SF,STL,,,,,,P
75691-52148,P,Pierce,Pierce Johnson,Johnson,7,6,5500,MIA@SD,SD,MIA,IL,Elbow,,,,P
75691-70585,P,Richard,Richard Bleier,Bleier,2.8,10,5500,MIA@SD,MIA,SD,,,,,,P
75691-163782,P,Robert,Robert Suarez,Suarez,6.666666666666667,10,5500,MIA@SD,SD,MIA,,,,,,P
75691-68548,P,Edwin,Edwin Diaz,Diaz,8.25,12,5500,NYM@PHI,NYM,PHI,,,,,0,P
75691-68551,P,Tyler,Tyler Beede,Beede,4.333333333333333,6,5500,STL@SF,SF,STL,,,,,,P
75691-68552,P,Sam,Sam Coonrod,Coonrod,5.380952380952381,42,5500,NYM@PHI,PHI,NYM,IL,Shoulder,,,0,P
75691-5069,P,Craig,Craig Stammen,Stammen,4.75,9,5500,MIA@SD,SD,MIA,,,,,,P
75691-68556,P,Dillon,Dillon Tate,Tate,5.454545454545454,11,5500,MIN@BAL,BAL,MIN,,,,,0,P
75691-102355,P,Jorge,Jorge Alcala,Alcala,6.5,2,5500,MIN@BAL,MIN,BAL,IL,Elbow,,,0,P
75691-52184,P,Matt,Matt Wisler,Wisler,6.9,10,5500,TB@SEA,TB,SEA,,,,,,P
75691-12257,P,Adam,Adam Ottavino,Ottavino,6.166666666666667,12,5500,NYM@PHI,NYM,PHI,,,,,0,P
75691-70629,P,Jacob,Jacob Barnes,Barnes,5.111111111111111,9,5500,DET@HOU,DET,HOU,,,,,0,P
75691-79848,P,Paul,Paul Sewald,Sewald,6,5,5500,TB@SEA,SEA,TB,,,,,,P
75691-82924,P,Tim,Tim Hill,Hill,-0.1111111111111111,9,5500,MIA@SD,SD,MIA,,,,,,P
75691-68590,P,Javy,Javy Guerra,Guerra,1,7,5500,TB@SEA,TB,SEA,,,,,,P
75691-5107,P,Sergio,Sergio Romo,Romo,7.5,2,5500,TB@SEA,SEA,TB,IL,Shoulder,,,,P
75691-168950,P,Andre,Andre Pallante,Pallante,7.571428571428571,7,5500,STL@SF,STL,SF,,,,,,P
75691-102394,P,Luis,Luis Patino,Patino,-1,1,5500,TB@SEA,TB,SEA,IL,Oblique,,,,P
75691-102397,P,Wyatt,Wyatt Mills,Mills,7,3,5500,TB@SEA,SEA,TB,,,,,,P
75691-82575,OF,Yordan,Yordan Alvarez,Alvarez,13.575,20,4300,DET@HOU,HOU,DET,,,,,4,OF/UTIL
75691-13929,3B,Manny,Manny Machado,Machado,15.064000244140624,25,4200,MIA@SD,SD,MIA,,,,,,3B/UTIL
75691-39086,OF,Byron,Byron Buxton,Buxton,14.5,17,4100,MIN@BAL,MIN,BAL,,,,,1,OF/UTIL
75691-102621,SS,Wander,Wander Franco,Franco,11.455999755859375,25,3900,TB@SEA,TB,SEA,,,,,,SS/UTIL
75691-13719,3B,Nolan,Nolan Arenado,Arenado,14.439130700152853,23,3900,STL@SF,STL,SF,,,,,,3B/UTIL
75691-12948,OF,Bryce,Bryce Harper,Harper,11.364000244140625,25,3900,NYM@PHI,PHI,NYM,,,,,3,OF/UTIL
75691-12968,1B,Paul,Paul Goldschmidt,Goldschmidt,10.134782874065897,23,3900,STL@SF,STL,SF,,,,,,C/1B/UTIL
75691-60631,OF/1B,Kyle,Kyle Schwarber,Schwarber,11.547826352326766,23,3800,NYM@PHI,PHI,NYM,,,,,1,C/1B/OF/UTIL
75691-101842,1B/2B,Ty,Ty France,France,12.035999755859375,25,3800,TB@SEA,SEA,TB,,,,,,C/1B/2B/UTIL
75691-82614,1B,Pete,Pete Alonso,Alonso,10.722222222222221,27,3700,NYM@PHI,NYM,PHI,,,,,4,C/1B/UTIL
75691-79125,OF,Kyle,Kyle Tucker,Tucker,9.724000244140624,25,3600,DET@HOU,HOU,DET,,,,,6,OF/UTIL
75691-13864,OF,Joc,Joc Pederson,Pederson,11.066666497124565,18,3600,STL@SF,SF,STL,,,,,,OF/UTIL
75691-68522,3B,Alex,Alex Bregman,Bregman,10.27199951171875,25,3600,DET@HOU,HOU,DET,,,,,3,3B/UTIL
75691-52179,SS,J.P.,J.P. Crawford,Crawford,11.47199951171875,25,3600,TB@SEA,SEA,TB,,,,,,SS/UTIL
75691-79393,SS/OF,Fernando,Fernando Tatis Jr.,Tatis Jr.,14.41769268329327,130,3500,MIA@SD,SD,MIA,IL,Wrist,,,,SS/OF/UTIL
75691-16952,SS,Francisco,Francisco Lindor,Lindor,10.722222222222221,27,3500,NYM@PHI,NYM,PHI,,,,,3,SS/UTIL
75691-12900,1B,Brandon,Brandon Belt,Belt,11.5,17,3500,STL@SF,SF,STL,IL,Illness,,,,C/1B/UTIL
75691-13342,OF,Nick,Nick Castellanos,Castellanos,9.567999877929687,25,3400,NYM@PHI,PHI,NYM,,,,,4,OF/UTIL
75691-13423,OF,Starling,Starling Marte,Marte,10.304000244140624,25,3400,NYM@PHI,NYM,PHI,,,,,2,OF/UTIL
75691-108450,2B/OF,Tommy,Tommy Edman,Edman,12.247826617697012,23,3400,STL@SF,STL,SF,,,,,,2B/OF/UTIL
75691-52187,1B,Ji-Man,Ji-Man Choi,Choi,11.026666259765625,15,3400,TB@SEA,TB,SEA,IL,Elbow,,,,C/1B/UTIL
75691-102400,OF,Julio,Julio Rodriguez,Rodriguez,9.270833333333334,24,3300,TB@SEA,SEA,TB,,,,,,OF/UTIL
75691-118210,2B/SS/3B,Jake,Jake Cronenworth,Cronenworth,9.512000122070312,25,3300,MIA@SD,SD,MIA,,,,,,2B/3B/SS/UTIL
75691-85504,2B/OF,Brandon,Brandon Lowe,Lowe,8.092000122070312,25,3300,TB@SEA,TB,SEA,,,,,,2B/OF/UTIL
75691-82527,2B/SS,Jazz,Jazz Chisholm Jr.,Chisholm Jr.,14.855000305175782,20,3300,MIA@SD,MIA,SD,,,,,,2B/SS/UTIL
75691-12928,1B,Eric,Eric Hosmer,Hosmer,11.81304400900136,23,3300,MIA@SD,SD,MIA,,,,,,C/1B/UTIL
75691-21885,SS/2B,Javier,Javier Baez,Baez,8.456250190734863,16,3200,DET@HOU,DET,HOU,,,,,3,2B/SS/UTIL
75691-82536,OF,Cedric,Cedric Mullins,Mullins,10.16,25,3200,MIN@BAL,BAL,MIN,,,,,1,OF/UTIL
75691-38614,SS,Carlos,Carlos Correa,Correa,8.952173647673234,23,3200,MIN@BAL,MIN,BAL,,,,,2,SS/UTIL
75691-17139,C,J.T.,J.T. Realmuto,Realmuto,9.234782343325408,23,3200,NYM@PHI,PHI,NYM,,,,,5,C/1B/UTIL
75691-79884,OF,Anthony,Anthony Santander,Santander,9.447999877929687,25,3100,MIN@BAL,BAL,MIN,,,,,3,OF/UTIL
75691-13638,2B/3B,Wilmer,Wilmer Flores,Flores,9.8227275501598,22,3100,STL@SF,SF,STL,,,,,,2B/3B/UTIL
75691-21874,2B/SS,Jorge,Jorge Polanco,Polanco,8.625,24,3100,MIN@BAL,MIN,BAL,,,,,3,2B/SS/UTIL
75691-79249,OF,Harrison,Harrison Bader,Bader,8.079166412353516,24,3100,STL@SF,STL,SF,,,,,,OF/UTIL
75691-13239,3B/2B,Eduardo,Eduardo Escobar,Escobar,8.784615149864784,26,3100,NYM@PHI,NYM,PHI,,,,,5,2B/3B/UTIL
75691-21633,3B/SS,Eugenio,Eugenio Suarez,Suarez,9.745833079020182,24,3000,TB@SEA,SEA,TB,,,,,,3B/SS/UTIL
75691-79215,1B,Rhys,Rhys Hoskins,Hoskins,8.075999755859375,25,3000,NYM@PHI,PHI,NYM,,,,,6,C/1B/UTIL
75691-21875,OF,Max,Max Kepler,Kepler,9.450000127156576,24,3000,MIN@BAL,MIN,BAL,,,,,4,OF/UTIL
75691-73159,OF,Mitch,Mitch Haniger,Haniger,9.788888719346788,9,3000,TB@SEA,SEA,TB,IL,Ankle,,,,OF/UTIL
75691-119345,SS,Jeremy,Jeremy Pena,Pena,10.600000132685123,23,3000,DET@HOU,HOU,DET,,,,,7,SS/UTIL
75691-12961,SS,Brandon,Brandon Crawford,Crawford,8.66956495202106,23,3000,STL@SF,SF,STL,,,,,,SS/UTIL
75691-82613,2B/SS,Thairo,Thairo Estrada,Estrada,9.416666666666666,24,3000,STL@SF,SF,STL,,,,,,2B/SS/UTIL
75691-13262,2B/OF,Jurickson,Jurickson Profar,Profar,10.566666920979818,24,3000,MIA@SD,SD,MIA,,,,,,2B/OF/UTIL
75691-81953,OF,Austin,Austin Hays,Hays,8.66249974568685,24,2900,MIN@BAL,BAL,MIN,,,,,4,OF/UTIL
75691-14562,2B,Jose,Jose Altuve,Altuve,9,12,2900,DET@HOU,HOU,DET,,,,,1,2B/UTIL
75691-79120,1B/3B,Yandy,Yandy Diaz,Diaz,9.39047604515439,21,2900,TB@SEA,TB,SEA,,,,,,C/1B/3B/UTIL
75691-23107,OF,Jorge,Jorge Soler,Soler,7.474999745686849,24,2900,MIA@SD,MIA,SD,,,,,,OF/UTIL
75691-17097,OF,Brandon,Brandon Nimmo,Nimmo,9.534782741380775,23,2900,NYM@PHI,NYM,PHI,,,,,1,OF/UTIL
75691-82644,OF,Jesus,Jesus Sanchez,Sanchez,9.08695652173913,23,2900,MIA@SD,MIA,SD,,,,,,OF/UTIL
75691-68547,OF,Tyler,Tyler O'Neill,O'Neill,10.134782874065897,23,2900,STL@SF,STL,SF,,,,,,OF/UTIL
75691-102370,1B/3B,Alec,Alec Bohm,Bohm,8.75652147376019,23,2900,NYM@PHI,PHI,NYM,,,,,2,C/1B/3B/UTIL
75691-38016,1B,Jesus,Jesus Aguilar,Aguilar,8.486363497647373,22,2800,MIA@SD,MIA,SD,,,,,,C/1B/UTIL
75691-79082,1B/OF,Ryan,Ryan Mountcastle,Mountcastle,7.191304082455843,23,2800,MIN@BAL,BAL,MIN,,,,,5,C/1B/OF/UTIL
75691-85307,2B/OF,Jeff,Jeff McNeil,McNeil,9.312000122070312,25,2800,NYM@PHI,NYM,PHI,,,,,6,2B/OF/UTIL
75691-52180,OF,Austin,Austin Meadows,Meadows,9.052381243024554,21,2800,DET@HOU,DET,HOU,,,,,4,OF/UTIL
75691-135216,OF,Chas,Chas McCormick,McCormick,7.230000305175781,20,2700,DET@HOU,HOU,DET,,,,,0,OF/UTIL
75691-6273,OF,Michael,Michael Brantley,Brantley,8.05000027743253,22,2700,DET@HOU,HOU,DET,,,,,2,OF/UTIL
75691-53401,1B,Trey,Trey Mancini,Mancini,7.359090631658381,22,2700,MIN@BAL,BAL,MIN,,,,,2,C/1B/UTIL
75691-21666,OF,Mark,Mark Canha,Canha,7.684210526315789,19,2700,NYM@PHI,NYM,PHI,,,,,7,OF/UTIL
75691-70898,2B,Adam,Adam Frazier,Frazier,8.252000122070312,25,2700,TB@SEA,SEA,TB,,,,,,2B/UTIL
75691-85254,C,Joey,Joey Bart,Bart,7.7277781168619795,18,2700,STL@SF,SF,STL,,,,,,C/1B/UTIL
75691-85261,OF,Randy,Randy Arozarena,Arozarena,7.708333333333333,24,2700,TB@SEA,TB,SEA,,,,,,OF/UTIL
75691-79175,OF,Trent,Trent Grisham,Grisham,5.68,25,2700,MIA@SD,SD,MIA,,,,,,OF/UTIL
75691-79257,OF,Josh,Josh Lowe,Lowe,7.3578948974609375,19,2700,TB@SEA,TB,SEA,,,,,,OF/UTIL
75691-13841,SS,Didi,Didi Gregorius,Gregorius,6.938888973659939,18,2700,NYM@PHI,PHI,NYM,,,,,0,SS/UTIL
75691-12985,OF,Avisail,Avisail Garcia,Garcia,5.045454545454546,22,2700,MIA@SD,MIA,SD,,,,,,OF/UTIL
75691-53033,OF,Mike,Mike Yastrzemski,Yastrzemski,6.3799997965494795,15,2700,STL@SF,SF,STL,,,,,,OF/UTIL
75691-71507,1B,Yuli,Yuli Gurriel,Gurriel,6.30454531582919,22,2700,DET@HOU,HOU,DET,,,,,5,C/1B/UTIL
75691-13188,2B/SS,Jean,Jean Segura,Segura,7.105000305175781,20,2700,NYM@PHI,PHI,NYM,,,,,7,2B/SS/UTIL
75691-135203,1B,Spencer,Spencer Torkelson,Torkelson,6.781818043101918,22,2600,DET@HOU,DET,HOU,,,,,8,C/1B/UTIL
75691-109803,C,Austin,Austin Nola,Nola,7.834999847412109,20,2600,MIA@SD,SD,MIA,,,,,,C/1B/UTIL
75691-38319,OF,Odubel,Odubel Herrera,Herrera,9.430000305175781,10,2600,NYM@PHI,PHI,NYM,,,,,8,OF/UTIL
75691-13854,OF,Robbie,Robbie Grossman,Grossman,7.894999694824219,20,2600,DET@HOU,DET,HOU,,,,,2,OF/UTIL
75691-16945,C,Gary,Gary Sanchez,Sanchez,7.831250190734863,16,2600,MIN@BAL,MIN,BAL,,,,,6,C/1B/UTIL
75691-12931,OF,Wil,Wil Myers,Myers,6.086666870117187,15,2600,MIA@SD,SD,MIA,IL,Thumb,,,,OF/UTIL
75691-146160,2B/SS,Ha-Seong,Ha-Seong Kim,Kim,11.015789634303042,19,2600,MIA@SD,SD,MIA,,,,,,2B/SS/UTIL
75691-68531,3B,Brian,Brian Anderson,Anderson,8.280000305175781,20,2600,MIA@SD,MIA,SD,,,,,,3B/UTIL
75691-38872,OF,Jesse,Jesse Winker,Winker,6.584000244140625,25,2600,TB@SEA,SEA,TB,,,,,,OF/UTIL
75691-5181,C,Yadier,Yadier Molina,Molina,3.0250000953674316,16,2500,STL@SF,STL,SF,,,,,,C/1B/UTIL
75691-13390,SS,Miguel,Miguel Rojas,Rojas,4.723809378487723,21,2500,MIA@SD,MIA,SD,,,,,,SS/UTIL
75691-73832,3B/SS,Joey,Joey Wendle,Wendle,9.98888905843099,18,2500,MIA@SD,MIA,SD,DTD,Hamstring,,,,3B/SS/UTIL
75691-81046,1B/OF,Garrett,Garrett Cooper,Cooper,7.595454822887074,22,2500,MIA@SD,MIA,SD,,,,,,C/1B/OF/UTIL
75691-101827,3B/2B,Luis,Luis Arraez,Arraez,6.734782343325407,23,2500,MIN@BAL,MIN,BAL,,,,,0,2B/3B/UTIL
75691-5607,3B,Evan,Evan Longoria,Longoria,9.417442144349565,86,2500,STL@SF,SF,STL,IL,Finger,,,,3B/UTIL
75691-116339,3B/2B,Abraham,Abraham Toro,Toro,6.072727550159801,22,2500,TB@SEA,SEA,TB,,,,,,2B/3B/UTIL
75691-68525,3B/OF,J.D.,J.D. Davis,Davis,5.362500190734863,16,2500,NYM@PHI,NYM,PHI,,,,,0,3B/OF/UTIL
75691-80838,1B,Luke,Luke Voit,Voit,7.1923076923076925,13,2500,MIA@SD,SD,MIA,IL,Biceps,,,,C/1B/UTIL
75691-5177,1B,Albert,Albert Pujols,Pujols,7.1923076923076925,13,2400,STL@SF,STL,SF,,,,,,C/1B/UTIL
75691-104511,OF,Kyle,Kyle Garlick,Garlick,7.476922842172476,13,2400,MIN@BAL,MIN,BAL,IL,Calf,,,0,OF/UTIL
75691-54401,OF,Manuel,Manuel Margot,Margot,8.45999984741211,20,2400,TB@SEA,TB,SEA,,,,,,OF/UTIL
75691-145590,3B,Jason,Jason Vosler,Vosler,9.05,10,2400,STL@SF,SF,STL,,,,,,3B/UTIL
75691-60636,OF,Derek,Derek Hill,Hill,5.328571319580078,7,2400,DET@HOU,DET,HOU,,,,,0,OF/UTIL
75691-38112,3B/SS,Gio,Gio Urshela,Urshela,6.208695784859035,23,2400,MIN@BAL,MIN,BAL,,,,,5,3B/SS/UTIL
75691-79400,OF,Dylan,Dylan Carlson,Carlson,5.895652439283288,23,2400,STL@SF,STL,SF,,,,,,OF/UTIL
75691-80485,OF,Austin,Austin Slater,Slater,7.4263161107113485,19,2400,STL@SF,SF,STL,,,,,,OF/UTIL
75691-14000,OF,Darin,Darin Ruf,Ruf,6.016666412353516,24,2400,STL@SF,SF,STL,,,,,,OF/UTIL
75691-53993,OF,Harold,Harold Ramirez,Ramirez,6.2133331298828125,15,2400,TB@SEA,TB,SEA,,,,,,OF/UTIL
75691-102320,OF,Luis,Luis Gonzalez,Gonzalez,9.181818181818182,11,2400,STL@SF,SF,STL,,,,,,OF/UTIL
75691-102362,OF,Trevor,Trevor Larnach,Larnach,7.475,20,2400,MIN@BAL,MIN,BAL,,,,,7,OF/UTIL
75691-135190,SS/3B/2B,Taylor,Taylor Walls,Walls,7.128571283249628,21,2300,TB@SEA,TB,SEA,,,,,,2B/3B/SS/UTIL
75691-101787,OF,LaMonte,LaMonte Wade Jr.,Wade Jr.,8.838596277069627,114,2300,STL@SF,SF,STL,IL,Knee,,,,OF/UTIL
75691-71182,1B/3B,Jeimer,Jeimer Candelario,Candelario,6.486363497647372,22,2300,DET@HOU,DET,HOU,,,,,6,C/1B/3B/UTIL
75691-16950,1B,Miguel,Miguel Sano,Sano,4.335293938131893,17,2300,MIN@BAL,MIN,BAL,IL,Knee,,,0,C/1B/UTIL
75691-119410,SS,C.J.,C.J. Abrams,Abrams,6.21176461612477,17,2300,MIA@SD,SD,MIA,,,,,,SS/UTIL
75691-13961,OF,Kevin,Kevin Kiermaier,Kiermaier,6.2549999237060545,20,2300,TB@SEA,TB,SEA,,,,,,OF/UTIL
75691-101276,2B/3B,Jon,Jon Berti,Berti,10.066666666666666,15,2300,MIA@SD,MIA,SD,,,,,,2B/3B/UTIL
75691-68593,2B/SS,Jorge,Jorge Mateo,Mateo,6.904166539510091,24,2300,MIN@BAL,BAL,MIN,,,,,9,2B/SS/UTIL
75691-13304,C,Tucker,Tucker Barnhart,Barnhart,4.568749904632568,16,2300,DET@HOU,DET,HOU,,,,,9,C/1B/UTIL
75691-5118,1B,Miguel,Miguel Cabrera,Cabrera,6.844999694824219,20,2300,DET@HOU,DET,HOU,,,,,5,C/1B/UTIL
75691-102398,OF,Jarred,Jarred Kelenic,Kelenic,6.224999745686849,24,2300,TB@SEA,SEA,TB,,,,,,OF/UTIL
75691-70665,C,Jacob,Jacob Stallings,Stallings,4.508695519488791,23,2200,MIA@SD,MIA,SD,,,,,,C/1B/UTIL
75691-21584,2B,Rougned,Rougned Odor,Odor,5.970833460489909,24,2200,MIN@BAL,BAL,MIN,,,,,6,2B/UTIL
75691-37983,C,Mike,Mike Zunino,Zunino,4.9882354736328125,17,2200,TB@SEA,TB,SEA,,,,,,C/1B/UTIL
75691-38074,OF,Corey,Corey Dickerson,Dickerson,3.716666751437717,18,2200,STL@SF,STL,SF,,,,,,OF/UTIL
75691-83182,C/OF,Eric,Eric Haase,Haase,3.8294116749483,17,2200,DET@HOU,DET,HOU,,,,,0,C/1B/OF/UTIL
75691-79136,OF,Daz,Daz Cameron,Cameron,6.099999904632568,2,2200,DET@HOU,DET,HOU,,,,,0,OF/UTIL
75691-79238,OF,Steven,Steven Duggar,Duggar,6.700000127156575,12,2200,STL@SF,SF,STL,IL,Oblique,,,,OF/UTIL
75691-16947,2B/1B,Jonathan,Jonathan Schoop,Schoop,4.195652173913044,23,2200,DET@HOU,DET,HOU,,,,,0,C/1B/2B/UTIL
75691-119368,C,Ryan,Ryan Jeffers,Jeffers,7.889473362972862,19,2200,MIN@BAL,MIN,BAL,,,,,9,C/1B/UTIL
75691-17198,2B/3B,Tommy,Tommy La Stella,La Stella,6.418518819926698,81,2200,STL@SF,SF,STL,IL,Achilles,,,,2B/3B/UTIL
75691-68533,OF,Brett,Brett Phillips,Phillips,7.053333536783854,15,2200,TB@SEA,TB,SEA,,,,,,OF/UTIL
75691-52157,C,Tom,Tom Murphy,Murphy,7.792307927058293,13,2200,TB@SEA,SEA,TB,,,,,,C/1B/UTIL
75691-97291,2B/3B,Harold,Harold Castro,Castro,5.75,14,2100,DET@HOU,DET,HOU,,,,,7,2B/3B/UTIL
75691-102550,C,Luis,Luis Campusano,Campusano,2.424999952316284,4,2100,MIA@SD,SD,MIA,,,,,,C/1B/UTIL
75691-13596,OF,Trayce,Trayce Thompson,Thompson,6.400000254313151,3,2100,MIA@SD,SD,MIA,,,,,,OF/UTIL
75691-101820,1B/OF,Matt,Matt Beaty,Beaty,2.857142857142857,14,2100,MIA@SD,SD,MIA,,,,,,C/1B/OF/UTIL
75691-101850,3B,Ramon,Ramon Urias,Urias,5.509090770374645,22,2100,MIN@BAL,BAL,MIN,,,,,7,3B/UTIL
75691-82414,OF,Victor,Victor Reyes,Reyes,5.020000076293945,10,2100,DET@HOU,DET,HOU,IL,Quadriceps,,,0,OF/UTIL
75691-80462,SS,Paul,Paul DeJong,DeJong,6.034999847412109,20,2100,STL@SF,STL,SF,,,,,,SS/UTIL
75691-82574,SS,Isaac,Isaac Paredes,Paredes,6.300000190734863,4,2100,TB@SEA,TB,SEA,,,,,,SS/UTIL
75691-82611,OF,Akil,Akil Baddoo,Baddoo,5.071428571428571,14,2100,DET@HOU,DET,HOU,,,,,1,OF/UTIL
75691-12988,C,Robinson,Robinson Chirinos,Chirinos,3.9388889736599393,18,2100,MIN@BAL,BAL,MIN,,,,,8,C/1B/UTIL
75691-17171,C,James,James McCann,McCann,5.7105263157894735,19,2100,NYM@PHI,NYM,PHI,,,,,0,C/1B/UTIL
75691-54049,2B/SS/3B,Aledmys,Aledmys Diaz,Diaz,4.988889058430989,18,2100,DET@HOU,HOU,DET,,,,,0,2B/3B/SS/UTIL
75691-154422,OF,Matt,Matt Vierling,Vierling,3.695238022577195,21,2100,NYM@PHI,PHI,NYM,,,,,0,OF/UTIL
75691-68499,2B/3B,Johan,Johan Camargo,Camargo,6.242105182848479,19,2100,NYM@PHI,PHI,NYM,,,,,9,2B/3B/UTIL
75691-13253,C,Martin,Martin Maldonado,Maldonado,4.688888973659939,18,2100,DET@HOU,HOU,DET,,,,,9,C/1B/UTIL
75691-52170,1B/OF,Dominic,Dominic Smith,Smith,5.012500127156575,24,2100,NYM@PHI,NYM,PHI,,,,,8,C/1B/OF/UTIL
75691-81924,2B/SS,Niko,Niko Goodrum,Goodrum,2.790909160267223,11,2000,DET@HOU,HOU,DET,,,,,0,2B/SS/UTIL
75691-102406,2B,Vidal,Vidal Brujan,Brujan,3,1,2000,TB@SEA,TB,SEA,,,,,,2B/UTIL
75691-102411,C,Andrew,Andrew Knizner,Knizner,6.738461421086238,13,2000,STL@SF,STL,SF,,,,,,C/1B/UTIL
75691-79896,C,Luis,Luis Torrens,Torrens,4.44000015258789,10,2000,TB@SEA,SEA,TB,,,,,,C/1B/UTIL
75691-135218,OF,Jake,Jake Meyers,Meyers,8.407547284971994,53,2000,DET@HOU,HOU,DET,IL,Shoulder,,,0,OF/UTIL
75691-11344,C,Jason,Jason Castro,Castro,2.1,10,2000,DET@HOU,HOU,DET,,,,,0,C/1B/UTIL
75691-154711,OF,Lars,Lars Nootbaar,Nootbaar,4.871428353445871,7,2000,STL@SF,STL,SF,,,,,,OF/UTIL
75691-102495,OF,J.J.,J.J. Matijevic,Matijevic,0,2,2000,DET@HOU,HOU,DET,,,,,0,OF/UTIL
75691-82021,C,Tomas,Tomas Nido,Nido,3.3857143947056363,14,2000,NYM@PHI,NYM,PHI,,,,,9,C/1B/UTIL
75691-157797,OF,Bryan,Bryan De La Cruz,De La Cruz,4.318749904632568,16,2000,MIA@SD,MIA,SD,,,,,,OF/UTIL
75691-102518,3B,Jose,Jose Miranda,Miranda,3.1666666666666665,3,2000,MIN@BAL,MIN,BAL,,,,,8,3B/UTIL
75691-135291,C,Jose,Jose Godoy,Godoy,12.399999618530273,1,2000,MIN@BAL,MIN,BAL,,,,,0,C/1B/UTIL
75691-102554,C,Cal,Cal Raleigh,Raleigh,3.7444445292154946,9,2000,TB@SEA,SEA,TB,,,,,,C/1B/UTIL
75691-13501,SS/3B,Chris,Chris Owings,Owings,2.1399999618530274,10,2000,MIN@BAL,BAL,MIN,,,,,0,3B/SS/UTIL
75691-60641,2B,Nick,Nick Gordon,Gordon,3.8894737645199426,19,2000,MIN@BAL,MIN,BAL,,,,,0,2B/UTIL
75691-83188,3B,Kelvin,Kelvin Gutierrez,Gutierrez,4.158333460489909,12,2000,MIN@BAL,BAL,MIN,,,,,0,3B/UTIL
75691-116994,SS,Donovan,Donovan Walton,Walton,0,1,2000,TB@SEA,SEA,TB,,,,,,SS/UTIL
75691-79113,C,Francisco,Francisco Mejia,Mejia,13.714285714285714,7,2000,TB@SEA,TB,SEA,,,,,,C/1B/UTIL
75691-5390,2B,Robinson,Robinson Cano,Cano,4.924999872843425,12,2000,NYM@PHI,NYM,PHI,,,,,0,2B/UTIL
75691-79128,C,Garrett,Garrett Stubbs,Stubbs,5.5,5,2000,NYM@PHI,PHI,NYM,,,,,0,C/1B/UTIL
75691-79130,OF,Jose,Jose Azocar,Azocar,2.4600000381469727,20,2000,MIA@SD,SD,MIA,,,,,,OF/UTIL
75691-85274,OF,DJ,DJ Stewart,Stewart,0,3,2000,MIN@BAL,BAL,MIN,,,,,0,OF/UTIL
75691-79181,SS/OF,Mauricio,Mauricio Dubon,Dubon,2.3399998982747396,15,2000,STL@SF,SF,STL,,,,,,SS/OF/UTIL
75691-38223,OF,Travis,Travis Jankowski,Jankowski,4.605555640326606,18,2000,NYM@PHI,NYM,PHI,,,,,0,OF/UTIL
75691-79188,OF,Alex,Alex Kirilloff,Kirilloff,1.0333333015441895,6,2000,MIN@BAL,MIN,BAL,IL,Wrist,,,0,OF/UTIL
75691-79211,OF,Mickey,Mickey Moniak,Moniak,2.2428570701962425,21,2000,NYM@PHI,PHI,NYM,IL,Hand,,,0,OF/UTIL
75691-101753,2B/OF,Dylan,Dylan Moore,Moore,5.259999847412109,10,2000,TB@SEA,SEA,TB,,,,,,2B/OF/UTIL
75691-79234,OF,Kyle,Kyle Lewis,Lewis,8.175675675675675,37,2000,TB@SEA,SEA,TB,IL,Knee,,,,OF/UTIL
75691-79247,2B/SS/3B,Edmundo,Edmundo Sosa,Sosa,3.6599998474121094,10,2000,STL@SF,STL,SF,IL,Illness,,,,2B/3B/SS/UTIL
75691-152972,2B/3B,Luke,Luke Williams,Williams,3.2125000953674316,8,2000,STL@SF,SF,STL,,,,,,2B/3B/UTIL
75691-79253,OF,Nick,Nick Plummer,Plummer,0,2,2000,NYM@PHI,NYM,PHI,,,,,0,OF/UTIL
75691-118181,1B/3B,Taylor,Taylor Jones,Jones,6.462857055664062,35,2000,DET@HOU,HOU,DET,IL,Back,,,0,C/1B/3B/UTIL
75691-38324,C,Jorge,Jorge Alfaro,Alfaro,6.716666539510091,12,2000,MIA@SD,SD,MIA,,,,,,C/1B/UTIL
75691-118204,OF,Ryan,Ryan McKenna,McKenna,2.9333332909478083,18,2000,MIN@BAL,BAL,MIN,,,,,0,OF/UTIL
75691-118211,3B,Kevin,Kevin Padlo,Padlo,1.5,2,2000,STL@SF,SF,STL,,,,,,3B/UTIL
75691-145921,OF,Ka'ai,Ka'ai Tom,Tom,0,1,2000,STL@SF,SF,STL,,,,,,OF/UTIL
75691-119401,C,Rafael,Rafael Marchan,Marchan,5.1200000762939455,20,2000,NYM@PHI,PHI,NYM,IL,Hamstring,,,0,C/1B/UTIL
75691-119400,OF,Simon,Simon Muzziotti,Muzziotti,0.6666666666666666,9,2000,NYM@PHI,PHI,NYM,,,,,0,OF/UTIL
75691-119405,3B/SS,Bryson,Bryson Stott,Stott,3.5222223069932728,9,2000,NYM@PHI,PHI,NYM,,,,,0,3B/SS/UTIL
75691-119404,SS/2B,Nick,Nick Maton,Maton,5.4461540809044475,52,2000,NYM@PHI,PHI,NYM,,,,,0,2B/SS/UTIL
75691-17012,C,Curt,Curt Casali,Casali,3.709999847412109,10,2000,STL@SF,SF,STL,,,,,,C/1B/UTIL
75691-82553,OF,Jose,Jose Siri,Siri,5.149999830457899,18,2000,DET@HOU,HOU,DET,,,,,8,OF/UTIL
75691-82555,3B/SS,Willi,Willi Castro,Castro,4.077777862548828,9,2000,DET@HOU,DET,HOU,,,,,0,3B/SS/UTIL
75691-82566,1B,Tyler,Tyler Nevin,Nevin,6.3799999237060545,5,2000,MIN@BAL,BAL,MIN,DTD,Groin,,,0,C/1B/UTIL
75691-52885,C,Dustin,Dustin Garneau,Garneau,2.7125000953674316,8,2000,DET@HOU,DET,HOU,,,,,0,C/1B/UTIL
75691-82596,C,Jake,Jake Rogers,Rogers,8.44473668148643,38,2000,DET@HOU,DET,HOU,IL,Forearm,,,0,C/1B/UTIL
75691-82612,OF,Brent,Brent Rooker,Rooker,7.4655172413793105,58,2000,MIA@SD,SD,MIA,IL,Shoulder,,,,OF/UTIL
75691-82616,SS,Luis,Luis Guillorme,Guillorme,5.962500095367432,16,2000,NYM@PHI,NYM,PHI,,,,,0,SS/UTIL
75691-163513,C,Rene,Rene Pinto,Pinto,5.6400001525878904,5,2000,TB@SEA,TB,SEA,,,,,,C/1B/UTIL
75691-82637,1B,Evan,Evan White,White,4.745161487210181,31,2000,TB@SEA,SEA,TB,IL,Groin,,,,C/1B/UTIL
75691-162509,1B,Juan,Juan Yepez,Yepez,15.199999809265137,1,2000,STL@SF,STL,SF,,,,,,C/1B/UTIL
75691-82642,OF,Heliot,Heliot Ramos,Ramos,3.8499999046325684,4,2000,STL@SF,SF,STL,,,,,,OF/UTIL
75691-169787,2B,Jason,Jason Krizan,Krizan,3,3,2000,STL@SF,SF,STL,,,,,,2B/UTIL
75691-104273,C,Anthony,Anthony Bemboom,Bemboom,2.3857143947056363,14,2000,MIN@BAL,BAL,MIN,,,,,0,C/1B/UTIL
75691-163679,3B,Joe,Joe Perez,Perez,0,1,2000,DET@HOU,HOU,DET,,,,,0,3B/UTIL
75691-163676,SS,Luis,Luis Garcia,Garcia,,,2000,NYM@PHI,PHI,NYM,,,,,0,SS/UTIL
75691-163706,2B,Brendan,Brendan Donovan,Donovan,1.5625,8,2000,STL@SF,STL,SF,,,,,,2B/UTIL
75691-68481,OF,Roman,Roman Quinn,Quinn,5.149999936421712,6,2000,NYM@PHI,PHI,NYM,,,,,0,OF/UTIL
75691-82824,1B,Mike,Mike Ford,Ford,10,1,2000,STL@SF,SF,STL,,,,,,C/1B/UTIL
75691-102295,OF,Stuart,Stuart Fairchild,Fairchild,0,1,2000,TB@SEA,SEA,TB,,,,,,OF/UTIL
75691-102352,C,Payton,Payton Henry,Henry,2.5399999618530273,10,2000,MIA@SD,MIA,SD,,,,,,C/1B/UTIL
75691-102356,OF,Gilberto,Gilberto Celestino,Celestino,4.5266667683919275,15,2000,MIN@BAL,MIN,BAL,,,,,0,OF/UTIL
75691-102358,SS,Jose,Jose Devers,Devers,4.328571501232329,21,2000,MIA@SD,MIA,SD,IL,Shoulder,,,,SS/UTIL