Week,Year,GID,Name,Pos,Team,h/a,Oppt,FD points,FD salary
3,2021,1529,"Allen, Josh",QB,buf,h,was,37.22,8000.0
3,2021,1552,"Herbert, Justin",QB,lac,a,kan,30.84,7500.0
3,2021,1340,"Stafford, Matthew",QB,lar,h,tam,29.52,7600.0
3,2021,1131,"Brady, Tom",QB,tam,a,lar,28.68,7800.0
3,2021,1524,"Darnold, Sam",QB,car,a,hou,25.26,7100.0
3,2021,1415,"Cousins, Kirk",QB,min,h,sea,25.12,7700.0
3,2021,1523,"Mahomes II, Patrick",QB,kan,h,lac,24.9,8700.0
3,2021,1410,"Tannehill, Ryan",QB,ten,h,ind,23.48,7000.0
3,2021,1487,"Heinicke, Taylor",QB,was,a,buf,22.88,6800.0
3,2021,1554,"Hurts, Jalen",QB,phi,a,dal,22.54,8200.0
3,2021,1441,"Carr, Derek",QB,lvr,h,mia,22.24,7200.0
3,2021,1496,"Brissett, Jacoby",QB,mia,a,oak,20.3,6700.0
3,2021,1527,"Jackson, Lamar",QB,bal,a,det,20.28,8400.0
3,2021,1501,"Prescott, Dak",QB,dal,h,phi,20.12,8000.0
3,2021,1537,"Murray, Kyler",QB,ari,a,jac,19.54,9000.0
3,2021,1550,"Burrow, Joe",QB,cin,a,pit,18.58,6700.0
3,2021,1252,"Rodgers, Aaron",QB,gnb,a,sfo,18.54,7700.0
3,2021,1528,"Mayfield, Baker",QB,cle,h,chi,16.94,6800.0
3,2021,1412,"Wilson, Russell",QB,sea,a,min,16.62,8400.0
3,2021,1539,"Jones, Daniel",QB,nyg,h,atl,16.54,7400.0
3,2021,1452,"Garoppolo, Jimmy",QB,sfo,h,gnb,15.68,6600.0
3,2021,1301,"Ryan, Matt",QB,atl,a,nyg,15.62,7100.0
3,2021,1232,"Roethlisberger, Ben",QB,pit,h,cin,15.22,6900.0
3,2021,1572,"Jones, Mac",QB,nwe,h,nor,14.6,6500.0
3,2021,1465,"Winston, Jameis",QB,nor,a,nwe,13.52,6800.0
3,2021,1439,"Bridgewater, Teddy",QB,den,h,nyj,11.8,7300.0
3,2021,1574,"Mills, Davis",QB,hou,h,car,10.72,6500.0
3,2021,1565,"Lawrence, Trevor",QB,jac,h,ari,9.46,6600.0
3,2021,1530,"Hill, Taysom",QB,nor,a,nwe,9.2,6300.0
3,2021,1490,"Goff, Jared",QB,det,h,bal,9.08,7100.0
3,2021,1514,"Wentz, Carson",QB,ind,a,ten,7.76,7000.0
3,2021,1569,"Lance, Trey",QB,sfo,h,gnb,6.1,6400.0
3,2021,1566,"Wilson, Zach",QB,nyj,a,den,4.6,6500.0
3,2021,1567,"Fields, Justin",QB,chi,a,cle,3.92,6500.0
3,2021,1519,"Trubisky, Mitchell",QB,buf,h,was,1.94,6400.0
3,2021,1561,"Hinton, Kendall",QB,den,h,nyj,0.0,6000.0
3,2021,1521,"Rush, Cooper",QB,dal,h,phi,0.0,6000.0
3,2021,1435,"Keenum, Case",QB,cle,h,chi,0.0,6200.0
3,2021,5444,"Elliott, Ezekiel",RB,dal,h,phi,25.1,7800.0
3,2021,5560,"Hunt, Kareem",RB,cle,h,chi,24.5,5600.0
3,2021,5849,"Robinson, James",RB,jac,h,ari,22.4,5500.0
3,2021,5507,"Barber, Peyton",RB,lvr,h,mia,21.7,5600.0
3,2021,5904,"Harris, Najee",RB,pit,h,cin,21.2,7500.0
3,2021,5822,"Swift, D'Andre",RB,det,h,bal,20.2,7400.0
3,2021,5720,"Mattison, Alexander",RB,min,h,sea,20.1,5200.0
3,2021,5575,"Ekeler, Austin",RB,lac,a,kan,19.7,7000.0
3,2021,5562,"Kamara, Alvin",RB,nor,a,nwe,19.3,8000.0
3,2021,5614,"Barkley, Saquon",RB,nyg,h,atl,18.4,6000.0
3,2021,5445,"Henry, Derrick",RB,ten,h,ind,17.9,9700.0
3,2021,5537,"Conner, James",RB,ari,a,jac,17.8,5300.0
3,2021,5827,"Gibson, Antonio",RB,was,a,buf,16.9,6100.0
3,2021,5543,"Jones, Aaron",RB,gnb,a,sfo,16.6,6900.0
3,2021,5824,"Moss, Zack",RB,buf,h,was,16.6,5400.0
3,2021,5623,"Hines, Nyheim",RB,ind,a,ten,16.4,5200.0
3,2021,5818,"Edwards-Helaire, Clyde",RB,kan,h,lac,15.9,6500.0
3,2021,2889,"Bernard, Giovani",RB,tam,a,lar,15.6,4600.0
3,2021,5565,"Carson, Chris",RB,sea,a,min,15.2,7700.0
3,2021,2991,"Gordon, Melvin",RB,den,h,nyj,14.7,6000.0
3,2021,5541,"Williams, Jamaal",RB,det,h,bal,13.7,5600.0
3,2021,2908,"Juszczyk, Kyle",RB,sfo,h,gnb,13.1,4500.0
3,2021,5905,"Williams, Javonte",RB,den,h,nyj,11.7,5800.0
3,2021,5619,"Edmonds, Chase",RB,ari,a,jac,11.0,6600.0
3,2021,5908,"Sermon, Trey",RB,sfo,h,gnb,10.4,5400.0
3,2021,5535,"Mixon, Joe",RB,cin,a,pit,9.9,6700.0
3,2021,5911,"Hubbard, Chuba",RB,car,a,hou,9.4,4700.0
3,2021,5615,"Michel, Sony",RB,lar,h,tam,9.4,5700.0
3,2021,5441,"Brown, Malcolm",RB,mia,a,oak,9.1,4800.0
3,2021,5320,"Davis, Mike",RB,atl,a,nyg,9.0,5700.0
3,2021,5789,"Gaskin, Myles",RB,mia,a,oak,8.9,5900.0
3,2021,5622,"Chubb, Nick",RB,cle,h,chi,8.4,7800.0
3,2021,5542,"McNichols, Jeremy",RB,ten,h,ind,8.1,4700.0
3,2021,5820,"Taylor, Jonathan",RB,ind,a,ten,7.7,7000.0
3,2021,5446,"Drake, Kenyan",RB,lvr,h,mia,7.2,5700.0
3,2021,5714,"Sanders, Miles",RB,phi,a,dal,7.0,6100.0
3,2021,5718,"Pollard, Tony",RB,dal,h,phi,7.0,5400.0
3,2021,5764,"Ingold, Alec",RB,lvr,h,mia,6.6,4500.0
3,2021,5713,"Montgomery, David",RB,chi,a,cle,6.5,6900.0
3,2021,5738,"Homer, Travis",RB,sea,a,min,6.3,4500.0
3,2021,5536,"McCaffrey, Christian",RB,car,a,hou,5.0,10500.0
3,2021,5534,"Fournette, Leonard",RB,tam,a,lar,4.9,5800.0
3,2021,5708,"Williams, Darrel",RB,kan,h,lac,4.9,5000.0
3,2021,5910,"Gainwell, Kenny",RB,phi,a,dal,4.9,5200.0
3,2021,5586,"McKissic, J.D.",RB,was,a,buf,4.8,5300.0
3,2021,2933,"Hyde, Carlos",RB,jac,h,ari,4.4,5100.0
3,2021,5907,"Carter, Michael",RB,nyj,a,den,3.9,4900.0
3,2021,2874,"Bolden, Brandon",RB,nwe,h,nor,3.7,4500.0
3,2021,5921,"Evans, Chris",RB,cin,a,pit,3.6,4500.0
3,2021,5825,"Dillon, AJ",RB,gnb,a,sfo,3.6,5000.0
3,2021,5901,"Jones, Tony",RB,nor,a,nwe,3.2,4800.0
3,2021,5717,"Singletary, Devin",RB,buf,h,was,3.1,5900.0
3,2021,5620,"Freeman, Royce",RB,car,a,hou,3.0,4500.0
3,2021,2899,"Murray, Latavius",RB,bal,a,det,2.8,5500.0
3,2021,5742,"Johnson, Ty",RB,nyj,a,den,2.8,5100.0
3,2021,2793,"Ingram, Mark",RB,hou,h,car,2.5,5900.0
3,2021,2995,"Abdullah, Ameer",RB,min,h,sea,2.4,4700.0
3,2021,5952,"Felton, Demetric",RB,cle,h,chi,2.3,4800.0
3,2021,5909,"Williams, Ty'Son",RB,bal,a,det,2.2,6400.0
3,2021,5715,"Harris, Damien",RB,nwe,h,nor,2.1,6200.0
3,2021,5876,"Nabers, Gabe",RB,lac,a,kan,2.1,4500.0
3,2021,5624,"Scott, Boston",RB,phi,a,dal,1.5,4500.0
3,2021,5850,"Taylor, J.J.",RB,nwe,h,nor,1.5,4700.0
3,2021,5538,"Perine, Samaje",RB,cin,a,pit,1.2,4700.0
3,2021,5617,"Jones, Ronald",RB,tam,a,lar,1.1,5000.0
3,2021,5395,"Johnson, David",RB,hou,h,car,1.1,5300.0
3,2021,2890,"Burkhead, Rex",RB,hou,h,car,1.0,4500.0
3,2021,5746,"Johnson, D'Ernest",RB,cle,h,chi,0.9,4500.0
3,2021,5504,"Watt, Derek",RB,pit,h,cin,0.8,4500.0
3,2021,5450,"Collins, Alex",RB,sea,a,min,0.8,4800.0
3,2021,2930,"Freeman, Devonta",RB,bal,a,det,0.8,5000.0
3,2021,5721,"Crockett, Damarea",RB,den,h,nyj,0.7,4500.0
3,2021,2954,"White, James",RB,nwe,h,nor,0.6,5400.0
3,2021,5588,"Penny, Elijhaa",RB,nyg,h,atl,0.6,4500.0
3,2021,5917,"Funk, Jake",RB,lar,h,tam,0.6,5000.0
3,2021,5630,"Lindsay, Phillip",RB,hou,h,car,0.5,5100.0
3,2021,5644,"Armah, Alex",RB,nor,a,nwe,0.5,4500.0
3,2021,5922,"Brightwell, Gary",RB,nyg,h,atl,0.4,4600.0
3,2021,5919,"Rountree, Larry",RB,lac,a,kan,0.3,4900.0
3,2021,5581,"Ham, C.J.",RB,min,h,sea,0.2,4500.0
3,2021,5953,"Sargent, Mekhi",RB,ten,h,ind,0.2,4500.0
3,2021,5483,"Washington, Dwayne",RB,nor,a,nwe,0.0,4500.0
3,2021,5415,"Burton, Michael",RB,kan,h,lac,0.0,4500.0
3,2021,5778,"Johnson, Jakob",RB,nwe,h,nor,0.0,4500.0
3,2021,5663,"Bellore, Nick",RB,sea,a,min,0.0,4500.0
3,2021,5625,"Wilkins, Jordan",RB,ind,a,ten,0.0,4500.0
3,2021,5873,"Dallas, DeeJay",RB,sea,a,min,0.0,4600.0
3,2021,2957,"Williams, Damien",RB,chi,a,cle,0.0,4900.0
3,2021,2935,"McKinnon, Jerick",RB,kan,h,lac,0.0,4500.0
3,2021,5762,"Gillaspia, Cullen",RB,nyg,h,atl,0.0,4500.0
3,2021,5912,"Herbert, Khalil",RB,chi,a,cle,0.0,4500.0
3,2021,5896,"Phillips, Scottie",RB,hou,h,car,0.0,4500.0
3,2021,5763,"Howell, Buddy",RB,lar,h,tam,0.0,4600.0
3,2021,5628,"Ballage, Kalen",RB,pit,h,cin,0.0,4500.0
3,2021,5621,"Johnson, Kerryon",RB,sfo,h,gnb,0.0,4700.0
3,2021,5492,"Smith, Keith",RB,atl,a,nyg,0.0,4500.0
3,2021,5697,"Ogunbowale, Dare",RB,jac,h,ari,0.0,4500.0
3,2021,5823,"Vaughn, Ke'Shawn",RB,tam,a,lar,0.0,4500.0
3,2021,5661,"Adams, Josh",RB,nyj,a,den,0.0,4500.0
3,2021,5682,"Jackson, Justin",RB,lac,a,kan,0.0,4600.0
3,2021,5886,"Ahmed, Salvon",RB,mia,a,oak,0.0,4900.0
3,2021,2820,"Jones, Taiwan",RB,buf,h,was,0.0,4500.0
3,2021,5914,"Hill, Kylin",RB,gnb,a,sfo,0.0,4600.0
3,2021,5392,"Montgomery, Ty",RB,nor,a,nwe,0.0,4700.0
3,2021,5903,"Ward, Jonathan",RB,ari,a,jac,0.0,4500.0
3,2021,5743,"Ricard, Patrick",RB,bal,a,det,0.0,4500.0
3,2021,5740,"Snell, Benny",RB,pit,h,cin,0.0,4500.0
3,2021,5482,"Janovich, Andy",RB,cle,h,chi,0.0,4500.0
3,2021,5583,"Clement, Corey",RB,dal,h,phi,0.0,4500.0
3,2021,5951,"Patterson, Jaret",RB,was,a,buf,0.0,4500.0
3,2021,5657,"Cannon, Trenton",RB,sfo,h,gnb,0.0,4900.0
3,2021,5594,"Williams, Mike",WR,lac,a,kan,29.7,6000.0
3,2021,5552,"Kupp, Cooper",WR,lar,h,tam,26.1,7900.0
3,2021,5263,"Adams, Davante",WR,gnb,a,sfo,25.2,8200.0
3,2021,3983,"Sanders, Emmanuel",WR,buf,h,was,23.9,5200.0
3,2021,5835,"Jefferson, Justin",WR,min,h,sea,22.3,7400.0
3,2021,5924,"Chase, Ja'Marr",WR,cin,a,pit,20.5,5900.0
3,2021,5725,"Metcalf, D.K.",WR,sea,a,min,19.7,7200.0
3,2021,3770,"Jackson, DeSean",WR,lar,h,tam,19.5,5000.0
3,2021,5598,"Bourne, Kendrick",WR,nwe,h,nor,18.6,4700.0
3,2021,5579,"Godwin, Chris",WR,tam,a,lar,16.6,7300.0
3,2021,5633,"Moore, D.J.",WR,car,a,hou,16.5,7200.0
3,2021,5761,"Renfrow, Hunter",WR,lvr,h,mia,16.2,5100.0
3,2021,5255,"Cooks, Brandin",WR,hou,h,car,16.2,7300.0
3,2021,5163,"Beasley, Cole",WR,buf,h,was,15.3,5400.0
3,2021,5198,"Allen, Keenan",WR,lac,a,kan,15.0,6900.0
3,2021,5253,"Evans, Mike",WR,tam,a,lar,14.6,7100.0
3,2021,5861,"Claypool, Chase",WR,pit,h,cin,14.1,5800.0
3,2021,5333,"Thielen, Adam",WR,min,h,sea,14.0,7600.0
3,2021,5636,"Kirk, Christian",WR,ari,a,jac,13.9,5700.0
3,2021,5749,"Meyers, Jakobi",WR,nwe,h,nor,13.9,5300.0
3,2021,5091,"Green, A.J.",WR,ari,a,jac,13.7,5500.0
3,2021,5656,"Valdes-Scantling, Marquez",WR,gnb,a,sfo,13.4,5400.0
3,2021,5208,"Patterson, Cordarrelle",WR,atl,a,nyg,13.2,5900.0
3,2021,5830,"Aiyuk, Brandon",WR,sfo,h,gnb,12.5,5500.0
3,2021,5659,"Chark, D.J.",WR,jac,h,ari,12.4,5800.0
3,2021,5651,"Patrick, Tim",WR,den,h,nyj,12.3,5900.0
3,2021,5877,"Callaway, Marquez",WR,nor,a,nwe,12.1,5400.0
3,2021,5926,"Waddle, Jaylen",WR,mia,a,oak,11.8,5500.0
3,2021,5455,"Boyd, Tyler",WR,cin,a,pit,11.6,5600.0
3,2021,5871,"Westbrook, Nick",WR,ten,h,ind,11.3,4500.0
3,2021,5323,"Beckham Jr., Odell",WR,cle,h,chi,11.2,6500.0
3,2021,5727,"Hardman, Mecole",WR,kan,h,lac,11.0,5400.0
3,2021,5799,"Zaccheaus, Olamide",WR,atl,a,nyg,10.7,4600.0
3,2021,5833,"Ruggs III, Henry",WR,lvr,h,mia,10.5,5600.0
3,2021,5854,"Edwards, Bryan",WR,lvr,h,mia,10.4,5100.0
3,2021,5837,"Pittman Jr., Michael",WR,ind,a,ten,10.3,5600.0
3,2021,5631,"Ridley, Calvin",WR,atl,a,nyg,10.1,8100.0
3,2021,5632,"Miller, Anthony",WR,hou,h,car,10.0,4500.0
3,2021,5520,"Raymond, Kalif",WR,det,h,bal,9.8,5100.0
3,2021,5168,"Jones, Marvin",WR,jac,h,ari,9.2,6300.0
3,2021,5841,"Duvernay, Devin",WR,bal,a,det,9.2,4900.0
3,2021,5424,"Diggs, Stefon",WR,buf,h,was,9.2,7700.0
3,2021,5252,"Watkins, Sammy",WR,bal,a,det,8.8,5700.0
3,2021,5766,"Wilson, Cedrick",WR,dal,h,phi,8.7,5100.0
3,2021,5554,"Golladay, Kenny",WR,nyg,h,atl,8.4,5600.0
3,2021,5757,"McLaurin, Terry",WR,was,a,buf,8.2,7200.0
3,2021,5831,"Lamb, CeeDee",WR,dal,h,phi,8.0,7000.0
3,2021,5793,"Ward, Greg",WR,phi,a,dal,8.0,4500.0
3,2021,5834,"Reagor, Jalen",WR,phi,a,dal,7.8,5400.0
3,2021,5846,"Johnson, Tyler",WR,tam,a,lar,7.8,4500.0
3,2021,5726,"Samuel, Deebo",WR,sfo,h,gnb,7.7,6600.0
3,2021,5860,"Johnson, Collin",WR,nyg,h,atl,7.6,4500.0
3,2021,5485,"Hill, Tyreek",WR,kan,h,lac,7.2,8700.0
3,2021,5500,"Rogers, Chester",WR,ten,h,ind,7.1,4600.0
3,2021,5847,"Shenault Jr., Laviska",WR,jac,h,ari,6.8,5400.0
3,2021,5730,"Brown, Marquise",WR,bal,a,det,6.8,6600.0
3,2021,5933,"Marshall, Terrace",WR,car,a,hou,6.8,5000.0
3,2021,5550,"Davis, Corey",WR,nyj,a,den,6.6,5900.0
3,2021,5089,"Jones, Julio",WR,ten,h,ind,6.2,6700.0
3,2021,5637,"Sutton, Courtland",WR,den,h,nyj,6.2,6900.0
3,2021,5380,"Parker, DeVante",WR,mia,a,oak,6.2,5700.0
3,2021,5844,"Jefferson, Van",WR,lar,h,tam,6.2,4900.0
3,2021,5895,"Watkins, Quez",WR,phi,a,dal,5.6,5000.0
3,2021,5454,"Fuller, Will",WR,mia,a,oak,5.5,5500.0
3,2021,5217,"Woods, Robert",WR,lar,h,tam,5.3,6100.0
3,2021,5386,"Lockett, Tyler",WR,sea,a,min,5.1,8000.0
3,2021,5159,"Sanu, Mohamed",WR,sfo,h,gnb,5.1,4900.0
3,2021,5874,"Peoples-Jones, Donovan",WR,cle,h,chi,4.9,5500.0
3,2021,5665,"McCloud, Ray-Ray",WR,pit,h,cin,4.8,4500.0
3,2021,5711,"Lazard, Allen",WR,gnb,a,sfo,4.7,5600.0
3,2021,5760,"Harris, Deonte",WR,nor,a,nwe,4.6,5200.0
3,2021,5784,"Board, C.J.",WR,nyg,h,atl,4.3,4600.0
3,2021,5925,"Smith, Devonta",WR,phi,a,dal,4.3,5700.0
3,2021,5376,"Cooper, Amari",WR,dal,h,phi,4.1,7300.0
3,2021,5647,"Pascal, Zach",WR,ind,a,ten,4.1,5300.0
3,2021,5553,"Smith-Schuster, JuJu",WR,pit,h,cin,4.0,6100.0
3,2021,5570,"Cole, Keelan",WR,nyj,a,den,4.0,4500.0
3,2021,5258,"Robinson, Allen",WR,chi,a,cle,3.7,7000.0
3,2021,5927,"Moore, Elijah",WR,nyj,a,den,3.7,5100.0
3,2021,5206,"Hopkins, DeAndre",WR,ari,a,jac,3.6,8500.0
3,2021,5859,"Osborn, K.J.",WR,min,h,sea,3.6,5100.0
3,2021,5641,"Berrios, Braxton",WR,nyj,a,den,3.6,4900.0
3,2021,5635,"Washington, James",WR,pit,h,cin,3.5,4900.0
3,2021,5845,"Proche, James",WR,bal,a,det,3.4,4600.0
3,2021,5475,"Higgins, Rashard",WR,cle,h,chi,3.4,5300.0
3,2021,5842,"Hamler, KJ",WR,den,h,nyj,3.3,5200.0
3,2021,5480,"Erickson, Alex",WR,car,a,hou,3.0,4500.0
3,2021,5858,"Davis, Gabriel",WR,buf,h,was,2.8,4900.0
3,2021,4813,"White, Cody",WR,pit,h,cin,2.7,4500.0
3,2021,5378,"Agholor, Nelson",WR,nwe,h,nor,2.7,5600.0
3,2021,5515,"Robinson, Demarcus",WR,kan,h,lac,2.7,4700.0
3,2021,5812,"Sims, Cam",WR,was,a,buf,2.7,4600.0
3,2021,5853,"Swain, Freddie",WR,sea,a,min,2.6,5000.0
3,2021,5456,"Shepard, Sterling",WR,nyg,h,atl,2.6,6400.0
3,2021,5931,"Toney, Kadarius",WR,nyg,h,atl,2.6,4600.0
3,2021,5503,"Thomas, Mike",WR,cin,a,pit,2.4,4500.0
3,2021,5759,"Pringle, Byron",WR,kan,h,lac,2.2,4900.0
3,2021,5212,"Stills, Kenny",WR,nor,a,nwe,2.2,
3,2021,5772,"Miller, Scott",WR,tam,a,lar,2.1,4800.0
3,2021,5557,"Jones, Zay",WR,lvr,h,mia,2.0,4900.0
3,2021,5729,"Campbell, Parris",WR,ind,a,ten,1.9,4800.0
3,2021,5696,"Tate, Auden",WR,cin,a,pit,1.9,4500.0
3,2021,5679,"Batson, Cameron",WR,ten,h,ind,1.8,4500.0
3,2021,5807,"Smith, Jeff",WR,nyj,a,den,1.8,4500.0
3,2021,5585,"Brown, Noah",WR,dal,h,phi,1.4,4500.0
3,2021,5934,"Moore, Rondale",WR,ari,a,jac,1.4,5600.0
3,2021,5675,"Hodge, KhaDarel",WR,det,h,bal,1.4,4500.0
3,2021,5857,"Mooney, Darnell",WR,chi,a,cle,1.4,5600.0
3,2021,5502,"Anderson, Robby",WR,car,a,hou,1.3,6100.0
3,2021,5767,"Slayton, Darius",WR,nyg,h,atl,1.3,5400.0
3,2021,5852,"Cephus, Quintez",WR,det,h,bal,1.3,5300.0
3,2021,5894,"Hart, Penny",WR,sea,a,min,1.2,4500.0
3,2021,5412,"Humphries, Adam",WR,was,a,buf,1.2,4900.0
3,2021,5461,"Sharpe, Tajae",WR,atl,a,nyg,1.1,4500.0
3,2021,5574,"McKenzie, Isaiah",WR,buf,h,was,0.8,4600.0
3,2021,5928,"St. Brown, Amon-Ra",WR,det,h,bal,0.7,5000.0
3,2021,5956,"Darden, Jaelon",WR,tam,a,lar,0.5,4500.0
3,2021,5728,"Brown, A.J.",WR,ten,h,ind,0.3,6800.0
3,2021,5801,"Guyton, Jalen",WR,lac,a,kan,0.3,4700.0
3,2021,5765,"Spencer, Diontae",WR,den,h,nyj,0.2,4500.0
3,2021,5666,"Kemp, Marcus",WR,kan,h,lac,0.0,4500.0
3,2021,5578,"Hollins, Mack",WR,mia,a,oak,0.0,4500.0
3,2021,5955,"Jennings, Jauan",WR,sfo,h,gnb,0.0,4700.0
3,2021,5167,"Hogan, Chris",WR,nor,a,nwe,0.0,4700.0
3,2021,5384,"Dorsett, Phillip",WR,jac,h,ari,0.0,4500.0
3,2021,5677,"Zylstra, Brandon",WR,car,a,hou,0.0,5200.0
3,2021,5603,"Westbrook, Dede",WR,min,h,sea,0.0,4500.0
3,2021,5479,"Moore, Chris",WR,hou,h,car,0.0,4500.0
3,2021,5752,"Olszewski, Gunner",WR,nwe,h,nor,0.0,4500.0
3,2021,5531,"Byrd, Damiere",WR,chi,a,cle,0.0,4800.0
3,2021,5699,"Sherfield, Trent",WR,sfo,h,gnb,0.0,4800.0
3,2021,5878,"Johnson, Tyron",WR,jac,h,ari,0.0,4600.0
3,2021,5879,"Taylor, Malik",WR,gnb,a,sfo,0.0,4500.0
3,2021,5954,"Benson, Trinity",WR,det,h,bal,0.0,4600.0
3,2021,5882,"Harris, De'Michael",WR,ind,a,ten,0.0,4500.0
3,2021,5868,"Hill, K.J.",WR,lac,a,kan,0.0,4600.0
3,2021,5946,"Smith-Marsette, Ihmir",WR,min,h,sea,0.0,4500.0
3,2021,5937,"Wallace, Tylan",WR,bal,a,det,0.0,4500.0
3,2021,5929,"Palmer, Josh",WR,lac,a,kan,0.0,4900.0
3,2021,5205,"Goodwin, Marquise",WR,chi,a,cle,0.0,4700.0
3,2021,5600,"Mickens, Jaydon",WR,tam,a,lar,0.0,4500.0
3,2021,5385,"Conley, Chris",WR,hou,h,car,0.0,5000.0
3,2021,5779,"Morgan, Stanley",WR,cin,a,pit,0.0,4500.0
3,2021,5855,"Agnew, Jamal",WR,jac,h,ari,0.0,4500.0
3,2021,5287,"Snead, Willie",WR,lvr,h,mia,0.0,4800.0
3,2021,5125,"Cobb, Randall",WR,gnb,a,sfo,0.0,5100.0
3,2021,3978,"Roberts, Andre",WR,hou,h,car,0.0,4500.0
3,2021,5790,"Blake, Christian",WR,atl,a,nyg,0.0,4700.0
3,2021,5704,"Kumerow, Jake",WR,buf,h,was,0.0,4500.0
3,2021,3760,"Slater, Matthew",WR,nwe,h,nor,0.0,4500.0
3,2021,5654,"Carter, DeAndre",WR,was,a,buf,0.0,4500.0
3,2021,5732,"Arcega-Whiteside, JJ",WR,phi,a,dal,0.0,4500.0
3,2021,5957,"McMath, Racey",WR,ten,h,ind,0.0,4500.0
3,2021,5802,"Webster, Nsimba",WR,chi,a,cle,0.0,4500.0
3,2021,5948,"Rodgers, Amari",WR,gnb,a,sfo,0.0,4600.0
3,2021,5486,"Grant, Jakeem",WR,mia,a,oak,0.0,4500.0
3,2021,5944,"Schwartz, Anthony",WR,cle,h,chi,0.0,4800.0
3,2021,5939,"Atwell, Tutu",WR,lar,h,tam,0.0,4600.0
3,2021,5936,"Brown, Dyami",WR,was,a,buf,-0.4,4800.0
3,2021,5798,"Dulin, Ashton",WR,ind,a,ten,-0.7,4500.0
3,2021,4742,"Schultz, Dalton",TE,dal,h,phi,23.0,4800.0
3,2021,4732,"Conklin, Tyler",TE,min,h,sea,16.5,4700.0
3,2021,4582,"Kelce, Travis",TE,kan,h,lac,13.9,8500.0
3,2021,4719,"Gesicki, Mike",TE,mia,a,oak,13.6,5600.0
3,2021,4703,"Kittle, George",TE,sfo,h,gnb,13.6,6000.0
3,2021,4721,"Andrews, Mark",TE,bal,a,det,13.4,6000.0
3,2021,4569,"Ertz, Zach",TE,phi,a,dal,13.3,4700.0
3,2021,4750,"Knox, Dawson",TE,buf,h,was,12.9,5400.0
3,2021,4680,"Higbee, Tyler",TE,lar,h,tam,12.5,5500.0
3,2021,1463,"Thomas, Logan",TE,was,a,buf,10.2,5700.0
3,2021,4806,"Tremble, Tommy",TE,car,a,hou,10.2,4100.0
3,2021,4802,"Freiermuth, Pat",TE,pit,h,cin,9.7,4600.0
3,2021,4677,"Hooper, Austin",TE,cle,h,chi,8.9,5300.0
3,2021,4535,"Smith, Lee",TE,atl,a,nyg,8.2,4100.0
3,2021,4705,"Everett, Gerald",TE,sea,a,min,7.9,5000.0
3,2021,5419,"Waller, Darren",TE,lvr,h,mia,7.9,7400.0
3,2021,4811,"Fortson, Jody",TE,kan,h,lac,7.7,4000.0
3,2021,4725,"Goedert, Dallas",TE,phi,a,dal,7.6,5500.0
3,2021,4494,"Gronkowski, Rob",TE,tam,a,lar,7.5,6500.0
3,2021,4675,"Henry, Hunter",TE,nwe,h,nor,6.1,5000.0
3,2021,4648,"Brate, Cameron",TE,tam,a,lar,5.5,4300.0
3,2021,4729,"Akins, Jordan",TE,hou,h,car,5.2,4600.0
3,2021,4609,"Fells, Darren",TE,det,h,bal,4.5,4300.0
3,2021,4801,"Pitts, Kyle",TE,atl,a,nyg,4.5,6200.0
3,2021,4727,"Dissly, Will",TE,sea,a,min,4.4,4200.0
3,2021,4668,"Swaim, Geoff",TE,ten,h,ind,4.2,4200.0
3,2021,4437,"Cook, Jared",TE,lac,a,kan,3.7,5300.0
3,2021,4650,"Williams, Maxx",TE,ari,a,jac,3.4,4700.0
3,2021,4741,"Arnold, Dan",TE,car,a,hou,3.3,4800.0
3,2021,4748,"Fant, Noah",TE,den,h,nyj,2.5,6100.0
3,2021,4707,"Hollister, Jacob",TE,jac,h,ari,2.5,4000.0
3,2021,4733,"Jarwin, Blake",TE,dal,h,phi,2.4,4700.0
3,2021,4736,"Alie-Cox, Mo",TE,ind,a,ten,2.4,4600.0
3,2021,4787,"Parham, Donald",TE,lac,a,kan,2.4,4100.0
3,2021,4652,"Kroft, Tyler",TE,nyj,a,den,2.2,4500.0
3,2021,4749,"Hockenson, T.J.",TE,det,h,bal,2.0,6300.0
3,2021,4778,"Kmet, Cole",TE,chi,a,cle,1.6,4900.0
3,2021,4700,"Howard, O.J.",TE,tam,a,lar,1.6,4700.0
3,2021,4594,"Doyle, Jack",TE,ind,a,ten,1.5,4800.0
3,2021,4770,"Smith, Kaden",TE,nyg,h,atl,1.4,4200.0
3,2021,4760,"Moreau, Foster",TE,lvr,h,mia,1.3,4600.0
3,2021,4752,"Sweeney, Tommy",TE,buf,h,was,1.2,4100.0
3,2021,4669,"Pruitt, MyCole",TE,ten,h,ind,1.2,4000.0
3,2021,4789,"Okwuegbunam, Albert",TE,den,h,nyj,1.1,4900.0
3,2021,4744,"Tonyan, Robert",TE,gnb,a,sfo,1.1,5300.0
3,2021,4766,"Oliver, Josh",TE,bal,a,det,1.1,4100.0
3,2021,4701,"Engram, Evan",TE,nyg,h,atl,1.1,5100.0
3,2021,4666,"Bell, Blake",TE,kan,h,lac,1.1,4100.0
3,2021,4592,"Griffin, Ryan",TE,nyj,a,den,1.0,4000.0
3,2021,4812,"Gray, Noah",TE,kan,h,lac,1.0,4000.0
3,2021,4781,"Deguara, Josiah",TE,gnb,a,sfo,0.9,4100.0
3,2021,4706,"Smith, Jonnu",TE,nwe,h,nor,0.9,5200.0
3,2021,4810,"Hudson, Tommy",TE,ten,h,ind,0.8,4000.0
3,2021,4805,"Farrell, Luke",TE,jac,h,ari,0.4,4000.0
3,2021,5883,"Johnson, Juwan",TE,nor,a,nwe,0.0,4800.0
3,2021,4712,"Seals-Jones, Ricky",TE,was,a,buf,0.0,4400.0
3,2021,4714,"Sprinkle, Jeremy",TE,dal,h,phi,0.0,4100.0
3,2021,4717,"Griffin, Garrett",TE,nor,a,nwe,0.0,4000.0
3,2021,4492,"Graham, Jimmy",TE,chi,a,cle,0.0,4500.0
3,2021,4537,"Rudolph, Kyle",TE,nyg,h,atl,0.0,4500.0
3,2021,4794,"Ellefson, Ben",TE,min,h,sea,0.0,4000.0
3,2021,4697,"Manhertz, Chris",TE,jac,h,ari,0.0,4300.0
3,2021,4653,"James, Jesse",TE,chi,a,cle,0.0,4200.0
3,2021,4761,"Beck, Andrew",TE,den,h,nyj,0.0,4000.0
3,2021,4716,"Auclair, Antony",TE,hou,h,car,0.0,4000.0
3,2021,4324,"Lewis, Marcedes",TE,gnb,a,sfo,0.0,4200.0
3,2021,4759,"Winchester, James",TE,kan,h,lac,0.0,4000.0
3,2021,4711,"Carter, Cethan",TE,mia,a,oak,0.0,4000.0
3,2021,4709,"Shaheen, Adam",TE,mia,a,oak,0.0,4100.0
3,2021,4753,"Brown, Pharaoh",TE,hou,h,car,0.0,4800.0
3,2021,4730,"Thomas, Ian",TE,car,a,hou,0.0,4300.0
3,2021,4704,"Tomlinson, Eric",TE,bal,a,det,0.0,4000.0
3,2021,4599,"Carrier, Derek",TE,lvr,h,mia,0.0,4000.0
3,2021,4784,"Trautman, Adam",TE,nor,a,nwe,0.0,4400.0
3,2021,4642,"Harris, Demetrius",TE,ari,a,jac,0.0,4000.0
3,2021,4601,"Ebron, Eric",TE,pit,h,cin,0.0,4500.0
3,2021,4656,"Uzomah, C.J.",TE,cin,a,pit,0.0,4800.0
3,2021,4734,"Herndon, Chris",TE,min,h,sea,0.0,4300.0
3,2021,4756,"Sample, Drew",TE,cin,a,pit,0.0,4200.0
3,2021,4747,"Mundt, Johnny",TE,lar,h,tam,0.0,4000.0
3,2021,4780,"Bryant, Harrison",TE,cle,h,chi,0.0,4900.0
3,2021,4763,"Holtz, J.P.",TE,chi,a,cle,0.0,4000.0
3,2021,4720,"Hurst, Hayden",TE,atl,a,nyg,0.0,4900.0
3,2021,4702,"Njoku, David",TE,cle,h,chi,0.0,5000.0
3,2021,4726,"Saubert, Eric",TE,den,h,nyj,0.0,4000.0
3,2021,4775,"Gentry, Zach",TE,pit,h,cin,0.0,4000.0
3,2021,4764,"Yelder, Deon",TE,tam,a,lar,0.0,4000.0
3,2021,4708,"Daniels, Darrell",TE,ari,a,jac,0.0,4000.0
3,2021,4807,"Bates, John",TE,was,a,buf,0.0,4000.0
3,2021,4792,"Thompson, Colin",TE,car,a,hou,0.0,4000.0
3,2021,4783,"Gilliam, Reggie",TE,buf,h,was,0.0,4000.0
3,2021,4679,"Anderson, Stephen",TE,lac,a,kan,0.0,4000.0
3,2021,5436,"Brown, Daniel",TE,nyj,a,den,0.0,4000.0
3,2021,4737,"Smythe, Durham",TE,mia,a,oak,0.0,4400.0
3,2021,4797,"Woerner, Charlie",TE,sfo,h,gnb,0.0,4100.0
3,2021,4758,"Wesco, Trevon",TE,nyj,a,den,0.0,4100.0
3,2021,4745,"Dwelley, Ross",TE,sfo,h,gnb,0.0,4200.0
3,2021,6438,"McLaughlin, Chase",PK,cle,h,chi,19.0,
3,2021,6206,"Tucker, Justin",PK,bal,a,det,17.0,
3,2021,6227,"McManus, Brandon",PK,den,h,nyj,16.0,
3,2021,6104,"Crosby, Mason",PK,gnb,a,sfo,16.0,
3,2021,6439,"Bass, Tyler",PK,buf,h,was,14.0,
3,2021,6430,"Joseph, Greg",PK,min,h,sea,13.0,
3,2021,6428,"Carlson, Daniel",PK,lvr,h,mia,13.0,
3,2021,6427,"Sanders, Jason",PK,mia,a,oak,11.0,
3,2021,6440,"Blankenship, Rodrigo",PK,ind,a,ten,11.0,
3,2021,6436,"Gay, Matt",PK,lar,h,tam,11.0,
3,2021,6120,"Folk, Nick",PK,nwe,h,nor,8.0,
3,2021,6236,"Myers, Jason",PK,sea,a,min,7.0,
3,2021,6224,"Santos, Cairo",PK,chi,a,cle,7.0,
3,2021,6450,"McPherson, Evan",PK,cin,a,pit,7.0,
3,2021,6159,"Prater, Matt",PK,ari,a,jac,7.0,
3,2021,6243,"Koo, Younghoe",PK,atl,a,nyg,6.0,
3,2021,6240,"Gonzalez, Zane",PK,car,a,hou,6.0,
3,2021,6169,"Succop, Ryan",PK,tam,a,lar,6.0,
3,2021,6172,"Gano, Graham",PK,nyg,h,atl,6.0,
3,2021,6423,"Butker, Harrison",PK,kan,h,lac,6.0,
3,2021,6451,"Santoso, Ryan",PK,det,h,bal,5.0,
3,2021,6437,"Slye, Joey",PK,hou,h,car,5.0,
3,2021,6205,"Zuerlein, Greg",PK,dal,h,phi,5.0,
3,2021,6203,"Bullock, Randy",PK,ten,h,ind,5.0,
3,2021,6242,"Rosas, Aldrick",PK,nor,a,nwe,4.0,
3,2021,6225,"Boswell, Chris",PK,pit,h,cin,4.0,
3,2021,6448,"Vizcaino, Tristan",PK,lac,a,kan,4.0,
3,2021,6096,"Gould, Robbie",PK,sfo,h,gnb,4.0,
3,2021,6422,"Elliott, Jake",PK,phi,a,dal,3.0,
3,2021,6209,"Hopkins, Dustin",PK,was,a,buf,3.0,
3,2021,6233,"Lambo, Josh",PK,jac,h,ari,1.0,
3,2021,7001,Arizona,Def,ari,a,jac,21.0,4600.0
3,2021,7019,New Orleans,Def,nor,a,nwe,20.0,4300.0
3,2021,7010,Denver,Def,den,h,nyj,19.0,5000.0
3,2021,7008,Cleveland,Def,cle,h,chi,16.0,4200.0
3,2021,7009,Dallas,Def,dal,h,phi,13.0,3900.0
3,2021,7007,Cincinnati,Def,cin,a,pit,12.0,3400.0
3,2021,7016,Miami,Def,mia,a,oak,10.0,3800.0
3,2021,7026,LA Chargers,Def,lac,a,kan,10.0,3300.0
3,2021,7023,Philadelphia,Def,phi,a,dal,8.0,3500.0
3,2021,7005,Carolina,Def,car,a,hou,8.0,4500.0
3,2021,7004,Buffalo,Def,buf,h,was,7.0,4100.0
3,2021,7011,Detroit,Def,det,h,bal,7.0,3000.0
3,2021,7012,Green Bay,Def,gnb,a,sfo,7.0,4000.0
3,2021,7013,Indianapolis,Def,ind,a,ten,7.0,3800.0
3,2021,7020,New York G,Def,nyg,h,atl,6.0,3900.0
3,2021,7002,Atlanta,Def,atl,a,nyg,5.0,3500.0
3,2021,7006,Chicago,Def,chi,a,cle,5.0,4100.0
3,2021,7022,Las Vegas,Def,lvr,h,mia,4.0,4000.0
3,2021,7021,New York J,Def,nyj,a,den,4.0,3200.0
3,2021,7032,Houston,Def,hou,h,car,3.0,3400.0
3,2021,7025,LA Rams,Def,lar,h,tam,3.0,4000.0
3,2021,7017,Minnesota,Def,min,h,sea,3.0,3500.0
3,2021,7018,New England,Def,nwe,h,nor,3.0,4700.0
3,2021,7003,Baltimore,Def,bal,a,det,3.0,4400.0
3,2021,7030,Tennessee,Def,ten,h,ind,3.0,4500.0
3,2021,7014,Jacksonville,Def,jac,h,ari,2.0,3100.0
3,2021,7024,Pittsburgh,Def,pit,h,cin,2.0,4800.0
3,2021,7029,Tampa Bay,Def,tam,a,lar,0.0,3900.0
3,2021,7015,Kansas City,Def,kan,h,lac,0.0,3700.0
3,2021,7027,San Francisco,Def,sfo,h,gnb,0.0,4200.0
3,2021,7028,Seattle,Def,sea,a,min,0.0,3600.0
3,2021,7031,Washington,Def,was,a,buf,-4.0,3700.0
4,2021,1524,"Darnold, Sam",QB,car,a,dal,33.54,7200.0
4,2021,1523,"Mahomes II, Patrick",QB,kan,a,phi,32.72,8700.0
4,2021,1301,"Ryan, Matt",QB,atl,h,was,29.02,6700.0
4,2021,1554,"Hurts, Jalen",QB,phi,h,kan,28.18,7900.0
4,2021,1487,"Heinicke, Taylor",QB,was,a,atl,27.9,7400.0
4,2021,1539,"Jones, Daniel",QB,nyg,a,nor,27.78,7000.0
4,2021,1501,"Prescott, Dak",QB,dal,h,car,27.02,7700.0
4,2021,1252,"Rodgers, Aaron",QB,gnb,h,pit,24.12,7600.0
4,2021,1537,"Murray, Kyler",QB,ari,a,lar,22.62,8200.0
4,2021,1412,"Wilson, Russell",QB,sea,a,sfo,22.56,7700.0
4,2021,1550,"Burrow, Joe",QB,cin,h,jac,22.32,7200.0
4,2021,1552,"Herbert, Justin",QB,lac,h,oak,21.28,7600.0
4,2021,1529,"Allen, Josh",QB,buf,h,hou,21.02,8500.0
4,2021,1569,"Lance, Trey",QB,sfo,h,sea,20.38,6200.0
4,2021,1340,"Stafford, Matthew",QB,lar,h,ari,20.3,7800.0
4,2021,1527,"Jackson, Lamar",QB,bal,a,den,19.44,8000.0
4,2021,1410,"Tannehill, Ryan",QB,ten,a,nyj,18.82,7500.0
4,2021,1566,"Wilson, Zach",QB,nyj,h,ten,18.68,6400.0
4,2021,1514,"Wentz, Carson",QB,ind,a,mia,17.92,6600.0
4,2021,1572,"Jones, Mac",QB,nwe,h,tam,17.9,6500.0
4,2021,1565,"Lawrence, Trevor",QB,jac,a,cin,17.76,6700.0
4,2021,1530,"Hill, Taysom",QB,nor,h,nyg,17.76,6200.0
4,2021,1490,"Goff, Jared",QB,det,a,chi,16.76,7100.0
4,2021,1441,"Carr, Derek",QB,lvr,a,lac,15.44,7400.0
4,2021,1496,"Brissett, Jacoby",QB,mia,h,ind,14.76,6500.0
4,2021,1465,"Winston, Jameis",QB,nor,h,nyg,13.04,6900.0
4,2021,1415,"Cousins, Kirk",QB,min,h,cle,11.12,7500.0
4,2021,1131,"Brady, Tom",QB,tam,a,nwe,11.06,8100.0
4,2021,1232,"Roethlisberger, Ben",QB,pit,a,gnb,10.28,6800.0
4,2021,1452,"Garoppolo, Jimmy",QB,sfo,h,sea,9.6,7000.0
4,2021,1528,"Mayfield, Baker",QB,cle,a,min,9.3,7300.0
4,2021,1567,"Fields, Justin",QB,chi,h,det,8.26,6400.0
4,2021,1519,"Trubisky, Mitchell",QB,buf,h,hou,7.32,6200.0
4,2021,1439,"Bridgewater, Teddy",QB,den,h,bal,6.8,6800.0
4,2021,1547,"Lock, Drew",QB,den,h,bal,3.52,6200.0
4,2021,1561,"Hinton, Kendall",QB,den,h,bal,1.8,6000.0
4,2021,1575,"Franks, Feleipe",QB,atl,h,was,0.3,6000.0
4,2021,1361,"McCoy, Colt",QB,ari,a,lar,-0.2,6000.0
4,2021,1574,"Mills, Davis",QB,hou,a,buf,-0.32,6400.0
4,2021,5575,"Ekeler, Austin",RB,lac,h,oak,28.0,7900.0
4,2021,5614,"Barkley, Saquon",RB,nyg,a,nor,27.1,6900.0
4,2021,5445,"Henry, Derrick",RB,ten,a,nyj,24.7,10200.0
4,2021,5713,"Montgomery, David",RB,chi,h,det,22.6,7500.0
4,2021,5444,"Elliott, Ezekiel",RB,dal,h,car,20.3,7000.0
4,2021,5849,"Robinson, James",RB,jac,a,cin,20.1,6900.0
4,2021,5537,"Conner, James",RB,ari,a,lar,19.6,5500.0
4,2021,5820,"Taylor, Jonathan",RB,ind,a,mia,18.9,6600.0
4,2021,5818,"Edwards-Helaire, Clyde",RB,kan,a,phi,18.4,6700.0
4,2021,5904,"Harris, Najee",RB,pit,a,gnb,18.1,8200.0
4,2021,5910,"Gainwell, Kenny",RB,phi,h,kan,17.9,5500.0
4,2021,5619,"Edmonds, Chase",RB,ari,a,lar,15.9,6100.0
4,2021,5560,"Hunt, Kareem",RB,cle,a,min,15.6,6400.0
4,2021,5534,"Fournette, Leonard",RB,tam,a,nwe,15.3,5900.0
4,2021,5450,"Collins, Alex",RB,sea,a,sfo,14.8,4700.0
4,2021,5827,"Gibson, Antonio",RB,was,a,atl,14.5,7100.0
4,2021,5586,"McKissic, J.D.",RB,was,a,atl,14.4,5200.0
4,2021,5716,"Henderson, Darrell",RB,lar,h,ari,14.1,6000.0
4,2021,2957,"Williams, Damien",RB,chi,h,det,14.0,4600.0
4,2021,5535,"Mixon, Joe",RB,cin,h,jac,13.2,7500.0
4,2021,5708,"Williams, Darrel",RB,kan,a,phi,12.8,4900.0
4,2021,5542,"McNichols, Jeremy",RB,ten,a,nyj,12.5,4900.0
4,2021,5824,"Moss, Zack",RB,buf,h,hou,12.1,6000.0
4,2021,5562,"Kamara, Alvin",RB,nor,h,nyg,12.0,9000.0
4,2021,2899,"Murray, Latavius",RB,bal,a,den,11.9,5300.0
4,2021,5622,"Chubb, Nick",RB,cle,a,min,11.0,8000.0
4,2021,5825,"Dillon, AJ",RB,gnb,h,pit,10.2,5500.0
4,2021,5907,"Carter, Michael",RB,nyj,h,ten,9.9,5300.0
4,2021,5320,"Davis, Mike",RB,atl,h,was,9.6,5400.0
4,2021,5543,"Jones, Aaron",RB,gnb,h,pit,9.4,7400.0
4,2021,5717,"Singletary, Devin",RB,buf,h,hou,9.1,5700.0
4,2021,5908,"Sermon, Trey",RB,sfo,h,sea,8.9,5900.0
4,2021,5617,"Jones, Ronald",RB,tam,a,nwe,8.5,5100.0
4,2021,5712,"Jacobs, Josh",RB,lvr,a,lac,8.2,7200.0
4,2021,5911,"Hubbard, Chuba",RB,car,a,dal,8.1,6300.0
4,2021,2874,"Bolden, Brandon",RB,nwe,h,tam,8.1,4700.0
4,2021,2991,"Gordon, Melvin",RB,den,h,bal,7.7,6200.0
4,2021,5905,"Williams, Javonte",RB,den,h,bal,7.4,5900.0
4,2021,5890,"Smith, Rodney",RB,car,a,dal,7.3,4500.0
4,2021,5822,"Swift, D'Andre",RB,det,a,chi,6.9,7700.0
4,2021,5718,"Pollard, Tony",RB,dal,h,car,6.7,5600.0
4,2021,5541,"Williams, Jamaal",RB,det,a,chi,6.6,5600.0
4,2021,5392,"Montgomery, Ty",RB,nor,h,nyg,6.4,4600.0
4,2021,5395,"Johnson, David",RB,hou,a,buf,6.3,5000.0
4,2021,5714,"Sanders, Miles",RB,phi,h,kan,6.2,6500.0
4,2021,2908,"Juszczyk, Kyle",RB,sfo,h,sea,6.1,4500.0
4,2021,5559,"Cook, Dalvin",RB,min,h,cle,5.4,9500.0
4,2021,2994,"Coleman, Tevin",RB,nyj,h,ten,4.1,4800.0
4,2021,5565,"Carson, Chris",RB,sea,a,sfo,3.6,7300.0
4,2021,5715,"Harris, Damien",RB,nwe,h,tam,3.6,5700.0
4,2021,5682,"Jackson, Justin",RB,lac,h,oak,3.3,5000.0
4,2021,5441,"Brown, Malcolm",RB,mia,h,ind,3.2,5100.0
4,2021,5919,"Rountree, Larry",RB,lac,h,oak,3.1,5200.0
4,2021,5547,"Gallman, Wayne",RB,atl,h,was,2.9,4500.0
4,2021,5548,"Mack, Marlon",RB,ind,a,mia,2.8,4600.0
4,2021,5538,"Perine, Samaje",RB,cin,h,jac,2.7,4700.0
4,2021,2793,"Ingram, Mark",RB,hou,a,buf,2.4,5300.0
4,2021,5742,"Johnson, Ty",RB,nyj,h,ten,2.3,4700.0
4,2021,5886,"Ahmed, Salvon",RB,mia,h,ind,2.3,4600.0
4,2021,5952,"Felton, Demetric",RB,cle,a,min,2.2,4600.0
4,2021,5720,"Mattison, Alexander",RB,min,h,cle,2.0,6800.0
4,2021,5482,"Janovich, Andy",RB,cle,a,min,2.0,4500.0
4,2021,5468,"Booker, Devontae",RB,nyg,a,nor,1.7,4600.0
4,2021,5951,"Patterson, Jaret",RB,was,a,atl,1.7,4500.0
4,2021,5483,"Washington, Dwayne",RB,nor,h,nyg,1.6,4500.0
4,2021,5620,"Freeman, Royce",RB,car,a,dal,1.2,5400.0
4,2021,5958,"Patrick, Jacques",RB,sfo,h,sea,1.2,5200.0
4,2021,2888,"Bell, Le'Veon",RB,bal,a,den,1.1,4500.0
4,2021,5901,"Jones, Tony",RB,nor,h,nyg,1.0,4700.0
4,2021,5743,"Ricard, Patrick",RB,bal,a,den,0.9,4500.0
4,2021,2995,"Abdullah, Ameer",RB,min,h,cle,0.7,4900.0
4,2021,5912,"Herbert, Khalil",RB,chi,h,det,0.7,4500.0
4,2021,5415,"Burton, Michael",RB,kan,a,phi,0.5,4500.0
4,2021,5738,"Homer, Travis",RB,sea,a,sfo,0.5,4700.0
4,2021,2930,"Freeman, Devonta",RB,bal,a,den,0.4,5000.0
4,2021,5789,"Gaskin, Myles",RB,mia,h,ind,0.3,5500.0
4,2021,5697,"Ogunbowale, Dare",RB,jac,a,cin,0.3,4500.0
4,2021,5446,"Drake, Kenyan",RB,lvr,a,lac,0.2,5800.0
4,2021,5492,"Smith, Keith",RB,atl,h,was,0.2,4500.0
4,2021,5644,"Armah, Alex",RB,nor,h,nyg,0.2,4500.0
4,2021,5623,"Hines, Nyheim",RB,ind,a,mia,0.1,5300.0
4,2021,5581,"Ham, C.J.",RB,min,h,cle,0.1,4500.0
4,2021,5778,"Johnson, Jakob",RB,nwe,h,tam,0.0,4500.0
4,2021,5663,"Bellore, Nick",RB,sea,a,sfo,0.0,4500.0
4,2021,5625,"Wilkins, Jordan",RB,ind,a,mia,0.0,4500.0
4,2021,5921,"Evans, Chris",RB,cin,h,jac,0.0,4500.0
4,2021,5873,"Dallas, DeeJay",RB,sea,a,sfo,0.0,4600.0
4,2021,2935,"McKinnon, Jerick",RB,kan,a,phi,0.0,4600.0
4,2021,5800,"Blasingame, Khari",RB,ten,a,nyj,0.0,4500.0
4,2021,5507,"Barber, Peyton",RB,lvr,a,lac,0.0,6500.0
4,2021,5762,"Gillaspia, Cullen",RB,nyg,a,nor,0.0,4500.0
4,2021,5588,"Penny, Elijhaa",RB,nyg,a,nor,0.0,4500.0
4,2021,5624,"Scott, Boston",RB,phi,h,kan,0.0,4500.0
4,2021,5917,"Funk, Jake",RB,lar,h,ari,0.0,5300.0
4,2021,5746,"Johnson, D'Ernest",RB,cle,a,min,0.0,4500.0
4,2021,5763,"Howell, Buddy",RB,lar,h,ari,0.0,4500.0
4,2021,5628,"Ballage, Kalen",RB,pit,a,gnb,0.0,4500.0
4,2021,5504,"Watt, Derek",RB,pit,a,gnb,0.0,4500.0
4,2021,5922,"Brightwell, Gary",RB,nyg,a,nor,0.0,4600.0
4,2021,5823,"Vaughn, Ke'Shawn",RB,tam,a,nwe,0.0,4500.0
4,2021,5721,"Crockett, Damarea",RB,den,h,bal,0.0,4500.0
4,2021,2820,"Jones, Taiwan",RB,buf,h,hou,0.0,4500.0
4,2021,5914,"Hill, Kylin",RB,gnb,h,pit,0.0,4600.0
4,2021,5903,"Ward, Jonathan",RB,ari,a,lar,0.0,4500.0
4,2021,5740,"Snell, Benny",RB,pit,a,gnb,0.0,4500.0
4,2021,5764,"Ingold, Alec",RB,lvr,a,lac,0.0,4600.0
4,2021,5583,"Clement, Corey",RB,dal,h,car,0.0,4500.0
4,2021,5876,"Nabers, Gabe",RB,lac,h,oak,0.0,4500.0
4,2021,2890,"Burkhead, Rex",RB,hou,a,buf,-0.1,4500.0
4,2021,5630,"Lindsay, Phillip",RB,hou,a,buf,-0.1,4900.0
4,2021,5615,"Michel, Sony",RB,lar,h,ari,-0.9,5800.0
4,2021,5850,"Taylor, J.J.",RB,nwe,h,tam,-1.5,4800.0
4,2021,5657,"Cannon, Trenton",RB,sfo,h,sea,-2.0,5000.0
4,2021,5485,"Hill, Tyreek",WR,kan,a,phi,42.1,8200.0
4,2021,5208,"Patterson, Cordarrelle",WR,atl,h,was,32.1,6000.0
4,2021,5726,"Samuel, Deebo",WR,sfo,h,sea,31.7,6900.0
4,2021,5633,"Moore, D.J.",WR,car,a,dal,27.9,7300.0
4,2021,5757,"McLaurin, Terry",WR,was,a,atl,27.3,7100.0
4,2021,5125,"Cobb, Randall",WR,gnb,h,pit,21.4,4900.0
4,2021,5754,"Johnson, Diontae",WR,pit,a,gnb,19.7,7000.0
4,2021,5550,"Davis, Corey",WR,nyj,h,ten,19.1,5700.0
4,2021,5520,"Raymond, Kalif",WR,det,a,chi,18.1,5300.0
4,2021,5844,"Jefferson, Van",WR,lar,h,ari,18.0,5000.0
4,2021,5835,"Jefferson, Justin",WR,min,h,cle,17.4,7800.0
4,2021,5730,"Brown, Marquise",WR,bal,a,den,17.1,6400.0
4,2021,5455,"Boyd, Tyler",WR,cin,h,jac,16.3,6100.0
4,2021,5857,"Mooney, Darnell",WR,chi,h,det,16.0,5200.0
4,2021,5925,"Smith, Devonta",WR,phi,h,kan,15.7,5900.0
4,2021,5380,"Parker, DeVante",WR,mia,h,ind,15.7,5400.0
4,2021,5410,"Crowder, Jamison",WR,nyj,h,ten,15.6,5500.0
4,2021,5558,"Ross, John",WR,nyg,a,nor,15.2,4600.0
4,2021,5091,"Green, A.J.",WR,ari,a,lar,15.2,5600.0
4,2021,5424,"Diggs, Stefon",WR,buf,h,hou,14.9,8000.0
4,2021,5554,"Golladay, Kenny",WR,nyg,a,nor,14.6,5900.0
4,2021,5725,"Metcalf, D.K.",WR,sea,a,sfo,14.5,7700.0
4,2021,5376,"Cooper, Amari",WR,dal,h,car,14.4,7600.0
4,2021,5847,"Shenault Jr., Laviska",WR,jac,a,cin,14.0,5500.0
4,2021,5761,"Renfrow, Hunter",WR,lvr,a,lac,13.5,5600.0
4,2021,5217,"Woods, Robert",WR,lar,h,ari,12.8,6200.0
4,2021,5749,"Meyers, Jakobi",WR,nwe,h,tam,12.8,5700.0
4,2021,5631,"Ridley, Calvin",WR,atl,h,was,11.5,7200.0
4,2021,5253,"Evans, Mike",WR,tam,a,nwe,11.0,7000.0
4,2021,5931,"Toney, Kadarius",WR,nyg,a,nor,10.9,4900.0
4,2021,5924,"Chase, Ja'Marr",WR,cin,h,jac,10.7,7400.0
4,2021,5570,"Cole, Keelan",WR,nyj,h,ten,10.7,4500.0
4,2021,3983,"Sanders, Emmanuel",WR,buf,h,hou,10.6,5800.0
4,2021,5852,"Cephus, Quintez",WR,det,a,chi,10.3,5200.0
4,2021,5766,"Wilson, Cedrick",WR,dal,h,car,10.0,5200.0
4,2021,5928,"St. Brown, Amon-Ra",WR,det,a,chi,10.0,4900.0
4,2021,5845,"Proche, James",WR,bal,a,den,9.9,4600.0
4,2021,3474,"Brown, Antonio",WR,tam,a,nwe,9.8,6000.0
4,2021,5853,"Swain, Freddie",WR,sea,a,sfo,9.5,4800.0
4,2021,5263,"Adams, Davante",WR,gnb,h,pit,9.4,8100.0
4,2021,5837,"Pittman Jr., Michael",WR,ind,a,mia,8.9,5800.0
4,2021,5635,"Washington, James",WR,pit,a,gnb,8.9,5100.0
4,2021,5654,"Carter, DeAndre",WR,was,a,atl,8.9,4500.0
4,2021,5582,"Reynolds, Josh",WR,ten,a,nyj,8.9,5000.0
4,2021,5552,"Kupp, Cooper",WR,lar,h,ari,8.9,8600.0
4,2021,5500,"Rogers, Chester",WR,ten,a,nyj,8.8,5100.0
4,2021,5206,"Hopkins, DeAndre",WR,ari,a,lar,8.7,7600.0
4,2021,5877,"Callaway, Marquez",WR,nor,h,nyg,8.4,5600.0
4,2021,5598,"Bourne, Kendrick",WR,nwe,h,tam,8.3,5100.0
4,2021,5475,"Higgins, Rashard",WR,cle,a,min,8.3,5000.0
4,2021,5793,"Ward, Greg",WR,phi,h,kan,8.0,4500.0
4,2021,5258,"Robinson, Allen",WR,chi,h,det,7.8,6400.0
4,2021,5760,"Harris, Deonte",WR,nor,h,nyg,7.7,5100.0
4,2021,5833,"Ruggs III, Henry",WR,lvr,a,lac,7.5,5900.0
4,2021,5502,"Anderson, Robby",WR,car,a,dal,7.4,5700.0
4,2021,5378,"Agholor, Nelson",WR,nwe,h,tam,7.4,5400.0
4,2021,5677,"Zylstra, Brandon",WR,car,a,dal,7.3,4900.0
4,2021,5255,"Cooks, Brandin",WR,hou,a,buf,7.2,6900.0
4,2021,5198,"Allen, Keenan",WR,lac,h,oak,7.1,7100.0
4,2021,5579,"Godwin, Chris",WR,tam,a,nwe,7.0,7500.0
4,2021,5252,"Watkins, Sammy",WR,bal,a,den,6.9,5500.0
4,2021,5679,"Batson, Cameron",WR,ten,a,nyj,6.7,4900.0
4,2021,5647,"Pascal, Zach",WR,ind,a,mia,6.4,5100.0
4,2021,5637,"Sutton, Courtland",WR,den,h,bal,6.2,6300.0
4,2021,5333,"Thielen, Adam",WR,min,h,cle,6.1,7500.0
4,2021,5159,"Sanu, Mohamed",WR,sfo,h,sea,5.5,4700.0
4,2021,5651,"Patrick, Tim",WR,den,h,bal,5.4,6100.0
4,2021,5934,"Moore, Rondale",WR,ari,a,lar,5.2,5300.0
4,2021,5859,"Osborn, K.J.",WR,min,h,cle,5.1,5300.0
4,2021,5727,"Hardman, Mecole",WR,kan,a,phi,5.1,5500.0
4,2021,5926,"Waddle, Jaylen",WR,mia,h,ind,4.8,5400.0
4,2021,5895,"Watkins, Quez",WR,phi,h,kan,4.8,5200.0
4,2021,5841,"Duvernay, Devin",WR,bal,a,den,4.6,5000.0
4,2021,5386,"Lockett, Tyler",WR,sea,a,sfo,4.4,7900.0
4,2021,5871,"Westbrook, Nick",WR,ten,a,nyj,4.4,5300.0
4,2021,5711,"Lazard, Allen",WR,gnb,h,pit,4.3,5300.0
4,2021,5855,"Agnew, Jamal",WR,jac,a,cin,4.3,4600.0
4,2021,5323,"Beckham Jr., Odell",WR,cle,a,min,4.1,6600.0
4,2021,5168,"Jones, Marvin",WR,jac,a,cin,3.9,6800.0
4,2021,5556,"Samuel, Curtis",WR,was,a,atl,3.9,5300.0
4,2021,5801,"Guyton, Jalen",WR,lac,h,oak,3.4,4700.0
4,2021,5759,"Pringle, Byron",WR,kan,a,phi,3.3,5100.0
4,2021,5729,"Campbell, Parris",WR,ind,a,mia,3.2,4700.0
4,2021,5900,"Irwin, Trenton",WR,cin,h,jac,3.0,4500.0
4,2021,5163,"Beasley, Cole",WR,buf,h,hou,2.6,5900.0
4,2021,5834,"Reagor, Jalen",WR,phi,h,kan,2.6,5500.0
4,2021,5461,"Sharpe, Tajae",WR,atl,h,was,2.5,4600.0
4,2021,5167,"Hogan, Chris",WR,nor,h,nyg,2.5,4700.0
4,2021,5936,"Brown, Dyami",WR,was,a,atl,2.4,4900.0
4,2021,5412,"Humphries, Adam",WR,was,a,atl,2.4,4700.0
4,2021,5831,"Lamb, CeeDee",WR,dal,h,car,2.3,7400.0
4,2021,5696,"Tate, Auden",WR,cin,h,jac,2.3,4600.0
4,2021,5603,"Westbrook, Dede",WR,min,h,cle,2.2,4500.0
4,2021,5954,"Benson, Trinity",WR,det,a,chi,2.2,4600.0
4,2021,5798,"Dulin, Ashton",WR,ind,a,mia,2.2,4500.0
4,2021,5553,"Smith-Schuster, JuJu",WR,pit,a,gnb,2.1,6000.0
4,2021,5641,"Berrios, Braxton",WR,nyj,h,ten,2.0,4700.0
4,2021,5830,"Aiyuk, Brandon",WR,sfo,h,sea,2.0,5700.0
4,2021,5287,"Snead, Willie",WR,lvr,a,lac,2.0,4800.0
4,2021,5799,"Zaccheaus, Olamide",WR,atl,h,was,2.0,4800.0
4,2021,5955,"Jennings, Jauan",WR,sfo,h,sea,1.9,4600.0
4,2021,5675,"Hodge, KhaDarel",WR,det,a,chi,1.8,4500.0
4,2021,5339,"Wilson, Albert",WR,mia,h,ind,1.6,4500.0
4,2021,5594,"Williams, Mike",WR,lac,h,oak,1.6,7800.0
4,2021,5724,"Harry, N'Keal",WR,nwe,h,tam,1.5,5000.0
4,2021,5199,"Austin, Tavon",WR,jac,a,cin,1.3,4500.0
4,2021,3770,"Jackson, DeSean",WR,lar,h,ari,1.1,5400.0
4,2021,5454,"Fuller, Will",WR,mia,h,ind,1.1,5300.0
4,2021,5557,"Jones, Zay",WR,lvr,a,lac,1.0,4900.0
4,2021,5636,"Kirk, Christian",WR,ari,a,lar,1.0,6000.0
4,2021,5854,"Edwards, Bryan",WR,lvr,a,lac,0.9,5300.0
4,2021,5632,"Miller, Anthony",WR,hou,a,buf,0.8,5200.0
4,2021,5933,"Marshall, Terrace",WR,car,a,dal,0.7,5000.0
4,2021,5665,"McCloud, Ray-Ray",WR,pit,a,gnb,0.7,4600.0
4,2021,5503,"Thomas, Mike",WR,cin,h,jac,0.5,4600.0
4,2021,5205,"Goodwin, Marquise",WR,chi,h,det,0.1,4700.0
4,2021,5666,"Kemp, Marcus",WR,kan,a,phi,0.0,4600.0
4,2021,5655,"Moore, David",WR,den,h,bal,0.0,4500.0
4,2021,5578,"Hollins, Mack",WR,mia,h,ind,0.0,4500.0
4,2021,4813,"White, Cody",WR,pit,a,gnb,0.0,4500.0
4,2021,5784,"Board, C.J.",WR,nyg,a,nor,0.0,4700.0
4,2021,5752,"Olszewski, Gunner",WR,nwe,h,tam,0.0,4500.0
4,2021,5480,"Erickson, Alex",WR,car,a,dal,0.0,4500.0
4,2021,5702,"Turner, Malik",WR,dal,h,car,0.0,4500.0
4,2021,5531,"Byrd, Damiere",WR,chi,h,det,0.0,4600.0
4,2021,5672,"St. Brown, Equanimeous",WR,gnb,h,pit,0.0,4500.0
4,2021,5699,"Sherfield, Trent",WR,sfo,h,sea,0.0,4600.0
4,2021,5878,"Johnson, Tyron",WR,jac,a,cin,0.0,4600.0
4,2021,5894,"Hart, Penny",WR,sea,a,sfo,0.0,4500.0
4,2021,5879,"Taylor, Malik",WR,gnb,h,pit,0.0,4500.0
4,2021,5874,"Peoples-Jones, Donovan",WR,cle,a,min,0.0,5300.0
4,2021,5868,"Hill, K.J.",WR,lac,h,oak,0.0,4600.0
4,2021,5515,"Robinson, Demarcus",WR,kan,a,phi,0.0,4900.0
4,2021,5937,"Wallace, Tylan",WR,bal,a,den,0.0,4500.0
4,2021,5765,"Spencer, Diontae",WR,den,h,bal,0.0,4500.0
4,2021,5585,"Brown, Noah",WR,dal,h,car,0.0,4500.0
4,2021,5929,"Palmer, Josh",WR,lac,h,oak,0.0,4900.0
4,2021,5600,"Mickens, Jaydon",WR,tam,a,nwe,0.0,4500.0
4,2021,5385,"Conley, Chris",WR,hou,a,buf,0.0,4700.0
4,2021,5779,"Morgan, Stanley",WR,cin,h,jac,0.0,4500.0
4,2021,5659,"Chark, D.J.",WR,jac,a,cin,0.0,6200.0
4,2021,5846,"Johnson, Tyler",WR,tam,a,nwe,0.0,4700.0
4,2021,5858,"Davis, Gabriel",WR,buf,h,hou,0.0,4800.0
4,2021,3978,"Roberts, Andre",WR,hou,a,buf,0.0,4500.0
4,2021,5812,"Sims, Cam",WR,was,a,atl,0.0,4600.0
4,2021,5790,"Blake, Christian",WR,atl,h,was,0.0,4600.0
4,2021,5704,"Kumerow, Jake",WR,buf,h,hou,0.0,4500.0
4,2021,3760,"Slater, Matthew",WR,nwe,h,tam,0.0,4500.0
4,2021,5838,"Mims, Denzel",WR,nyj,h,ten,0.0,4700.0
4,2021,5732,"Arcega-Whiteside, JJ",WR,phi,h,kan,0.0,4500.0
4,2021,5949,"Strachan, Mike",WR,ind,a,mia,0.0,4600.0
4,2021,5957,"McMath, Racey",WR,ten,a,nyj,0.0,4500.0
4,2021,5574,"McKenzie, Isaiah",WR,buf,h,hou,0.0,4600.0
4,2021,5802,"Webster, Nsimba",WR,chi,h,det,0.0,4500.0
4,2021,5948,"Rodgers, Amari",WR,gnb,h,pit,0.0,4700.0
4,2021,5860,"Johnson, Collin",WR,nyg,a,nor,0.0,5200.0
4,2021,5944,"Schwartz, Anthony",WR,cle,a,min,0.0,4700.0
4,2021,5939,"Atwell, Tutu",WR,lar,h,ari,0.0,4600.0
4,2021,5486,"Grant, Jakeem",WR,mia,h,ind,-2.2,4500.0
4,2021,4656,"Uzomah, C.J.",TE,cin,h,jac,24.0,4800.0
4,2021,4750,"Knox, Dawson",TE,buf,h,hou,18.2,5600.0
4,2021,4736,"Alie-Cox, Mo",TE,ind,a,mia,17.7,4300.0
4,2021,4437,"Cook, Jared",TE,lac,h,oak,16.0,5200.0
4,2021,4650,"Williams, Maxx",TE,ari,a,lar,15.1,4500.0
4,2021,4742,"Schultz, Dalton",TE,dal,h,car,14.8,5000.0
4,2021,4719,"Gesicki, Mike",TE,mia,h,ind,14.2,5400.0
4,2021,4725,"Goedert, Dallas",TE,phi,h,kan,14.1,6000.0
4,2021,4748,"Fant, Noah",TE,den,h,bal,13.6,5700.0
4,2021,5419,"Waller, Darren",TE,lvr,a,lac,13.0,7500.0
4,2021,4675,"Henry, Hunter",TE,nwe,h,tam,11.2,5000.0
4,2021,4721,"Andrews, Mark",TE,bal,a,den,9.2,6500.0
4,2021,5883,"Johnson, Juwan",TE,nor,h,nyg,9.0,4600.0
4,2021,4569,"Ertz, Zach",TE,phi,h,kan,9.0,4700.0
4,2021,4706,"Smith, Jonnu",TE,nwe,h,tam,8.9,5000.0
4,2021,4787,"Parham, Donald",TE,lac,h,oak,8.7,4300.0
4,2021,4745,"Dwelley, Ross",TE,sfo,h,sea,8.6,4000.0
4,2021,4733,"Jarwin, Blake",TE,dal,h,car,8.3,4900.0
4,2021,4801,"Pitts, Kyle",TE,atl,h,was,7.0,5800.0
4,2021,4811,"Fortson, Jody",TE,kan,a,phi,6.7,4500.0
4,2021,4749,"Hockenson, T.J.",TE,det,a,chi,6.2,6600.0
4,2021,4703,"Kittle, George",TE,sfo,h,sea,6.0,6700.0
4,2021,4680,"Higbee, Tyler",TE,lar,h,ari,5.6,5900.0
4,2021,4701,"Engram, Evan",TE,nyg,a,nor,4.9,5100.0
4,2021,4720,"Hurst, Hayden",TE,atl,h,was,4.9,4600.0
4,2021,4582,"Kelce, Travis",TE,kan,a,phi,4.3,8200.0
4,2021,4741,"Arnold, Dan",TE,jac,a,cin,3.9,4900.0
4,2021,4669,"Pruitt, MyCole",TE,ten,a,nyj,3.9,4500.0
4,2021,4679,"Anderson, Stephen",TE,lac,h,oak,3.9,4000.0
4,2021,4648,"Brate, Cameron",TE,tam,a,nwe,3.9,4300.0
4,2021,4738,"Firkser, Anthony",TE,ten,a,nyj,3.8,4500.0
4,2021,4732,"Conklin, Tyler",TE,min,h,cle,3.8,5300.0
4,2021,4537,"Rudolph, Kyle",TE,nyg,a,nor,3.4,4200.0
4,2021,4730,"Thomas, Ian",TE,car,a,dal,3.0,4200.0
4,2021,4712,"Seals-Jones, Ricky",TE,was,a,atl,2.9,4400.0
4,2021,4594,"Doyle, Jack",TE,ind,a,mia,2.9,4800.0
4,2021,4702,"Njoku, David",TE,cle,a,min,2.7,4700.0
4,2021,4810,"Hudson, Tommy",TE,ten,a,nyj,1.9,4200.0
4,2021,4744,"Tonyan, Robert",TE,gnb,h,pit,1.8,5500.0
4,2021,4601,"Ebron, Eric",TE,pit,a,gnb,1.8,4400.0
4,2021,4789,"Okwuegbunam, Albert",TE,den,h,bal,1.6,4600.0
4,2021,4802,"Freiermuth, Pat",TE,pit,a,gnb,1.6,5000.0
4,2021,4677,"Hooper, Austin",TE,cle,a,min,1.6,5200.0
4,2021,4737,"Smythe, Durham",TE,mia,h,ind,1.6,4100.0
4,2021,4727,"Dissly, Will",TE,sea,a,sfo,1.5,4400.0
4,2021,4775,"Gentry, Zach",TE,pit,a,gnb,1.5,4000.0
4,2021,4747,"Mundt, Johnny",TE,lar,h,ari,1.4,4000.0
4,2021,4783,"Gilliam, Reggie",TE,buf,h,hou,1.4,4000.0
4,2021,4592,"Griffin, Ryan",TE,nyj,h,ten,1.3,4000.0
4,2021,4697,"Manhertz, Chris",TE,jac,a,cin,1.2,4200.0
4,2021,4324,"Lewis, Marcedes",TE,gnb,h,pit,1.2,4100.0
4,2021,4805,"Farrell, Luke",TE,jac,a,cin,1.2,4100.0
4,2021,4778,"Kmet, Cole",TE,chi,h,det,1.1,4800.0
4,2021,4753,"Brown, Pharaoh",TE,hou,a,buf,1.1,4500.0
4,2021,4707,"Hollister, Jacob",TE,jac,a,cin,1.0,4100.0
4,2021,4814,"Granson, Kylen",TE,ind,a,mia,0.8,4000.0
4,2021,4784,"Trautman, Adam",TE,nor,h,nyg,0.8,4300.0
4,2021,4780,"Bryant, Harrison",TE,cle,a,min,0.8,4700.0
4,2021,4714,"Sprinkle, Jeremy",TE,dal,h,car,0.0,4100.0
4,2021,4717,"Griffin, Garrett",TE,nor,h,nyg,0.0,4000.0
4,2021,4492,"Graham, Jimmy",TE,chi,h,det,0.0,4200.0
4,2021,4794,"Ellefson, Ben",TE,min,h,cle,0.0,4000.0
4,2021,4653,"James, Jesse",TE,chi,h,det,0.0,4100.0
4,2021,4609,"Fells, Darren",TE,det,a,chi,0.0,4100.0
4,2021,4761,"Beck, Andrew",TE,den,h,bal,0.0,4000.0
4,2021,4766,"Oliver, Josh",TE,bal,a,den,0.0,4200.0
4,2021,1463,"Thomas, Logan",TE,was,a,atl,0.0,5800.0
4,2021,4781,"Deguara, Josiah",TE,gnb,h,pit,0.0,4100.0
4,2021,4716,"Auclair, Antony",TE,hou,a,buf,0.0,4000.0
4,2021,4759,"Winchester, James",TE,kan,a,phi,0.0,4000.0
4,2021,4752,"Sweeney, Tommy",TE,buf,h,hou,0.0,4100.0
4,2021,4711,"Carter, Cethan",TE,mia,h,ind,0.0,4000.0
4,2021,4709,"Shaheen, Adam",TE,mia,h,ind,0.0,4100.0
4,2021,4668,"Swaim, Geoff",TE,ten,a,nyj,0.0,4300.0
4,2021,4704,"Tomlinson, Eric",TE,bal,a,den,0.0,4000.0
4,2021,4599,"Carrier, Derek",TE,lvr,a,lac,0.0,4000.0
4,2021,4642,"Harris, Demetrius",TE,ari,a,lar,0.0,4000.0
4,2021,4806,"Tremble, Tommy",TE,car,a,dal,0.0,4800.0
4,2021,4734,"Herndon, Chris",TE,min,h,cle,0.0,4100.0
4,2021,4756,"Sample, Drew",TE,cin,h,jac,0.0,4100.0
4,2021,4760,"Moreau, Foster",TE,lvr,a,lac,0.0,4400.0
4,2021,4535,"Smith, Lee",TE,atl,h,was,0.0,4500.0
4,2021,4763,"Holtz, J.P.",TE,chi,h,det,0.0,4000.0
4,2021,4790,"Davis, Tyler",TE,gnb,h,pit,0.0,4000.0
4,2021,4700,"Howard, O.J.",TE,tam,a,nwe,0.0,4700.0
4,2021,4770,"Smith, Kaden",TE,nyg,a,nor,0.0,4100.0
4,2021,4652,"Kroft, Tyler",TE,nyj,h,ten,0.0,4500.0
4,2021,4812,"Gray, Noah",TE,kan,a,phi,0.0,4000.0
4,2021,4726,"Saubert, Eric",TE,den,h,bal,0.0,4000.0
4,2021,4666,"Bell, Blake",TE,kan,a,phi,0.0,4100.0
4,2021,4708,"Daniels, Darrell",TE,ari,a,lar,0.0,4000.0
4,2021,4807,"Bates, John",TE,was,a,atl,0.0,4000.0
4,2021,4792,"Thompson, Colin",TE,car,a,dal,0.0,4000.0
4,2021,5436,"Brown, Daniel",TE,nyj,h,ten,0.0,4000.0
4,2021,4798,"Parkinson, Colby",TE,sea,a,sfo,0.0,4000.0
4,2021,4797,"Woerner, Charlie",TE,sfo,h,sea,0.0,4000.0
4,2021,4758,"Wesco, Trevon",TE,nyj,h,ten,0.0,4100.0
4,2021,4776,"McElroy, Codey",TE,tam,a,nwe,0.0,4000.0
4,2021,4729,"Akins, Jordan",TE,hou,a,buf,-0.8,4200.0
4,2021,6439,"Bass, Tyler",PK,buf,h,hou,16.0,
4,2021,6169,"Succop, Ryan",PK,tam,a,nwe,15.0,
4,2021,6159,"Prater, Matt",PK,ari,a,lar,15.0,
4,2021,6206,"Tucker, Justin",PK,bal,a,den,13.0,
4,2021,6422,"Elliott, Jake",PK,phi,h,kan,12.0,
4,2021,6203,"Bullock, Randy",PK,ten,a,nyj,12.0,
4,2021,6440,"Blankenship, Rodrigo",PK,ind,a,mia,10.0,
4,2021,6104,"Crosby, Mason",PK,gnb,h,pit,9.0,
4,2021,6449,"Ammendola, Matt",PK,nyj,h,ten,9.0,
4,2021,6436,"Gay, Matt",PK,lar,h,ari,9.0,
4,2021,6438,"McLaughlin, Chase",PK,cle,a,min,9.0,
4,2021,6172,"Gano, Graham",PK,nyg,a,nor,8.0,
4,2021,6225,"Boswell, Chris",PK,pit,a,gnb,7.0,
4,2021,6243,"Koo, Younghoe",PK,atl,h,was,6.0,
4,2021,6224,"Santos, Cairo",PK,chi,h,det,6.0,
4,2021,6450,"McPherson, Evan",PK,cin,h,jac,6.0,
4,2021,6205,"Zuerlein, Greg",PK,dal,h,car,6.0,
4,2021,6423,"Butker, Harrison",PK,kan,a,phi,6.0,
4,2021,6120,"Folk, Nick",PK,nwe,h,tam,5.0,
4,2021,6427,"Sanders, Jason",PK,mia,h,ind,5.0,
4,2021,6236,"Myers, Jason",PK,sea,a,sfo,4.0,
4,2021,6240,"Gonzalez, Zane",PK,car,a,dal,4.0,
4,2021,6448,"Vizcaino, Tristan",PK,lac,h,oak,4.0,
4,2021,6209,"Hopkins, Dustin",PK,was,a,atl,4.0,
4,2021,6242,"Rosas, Aldrick",PK,nor,h,nyg,3.0,
4,2021,6446,"Wright, Matthew",PK,jac,a,cin,3.0,
4,2021,6451,"Santoso, Ryan",PK,det,a,chi,2.0,
4,2021,6428,"Carlson, Daniel",PK,lvr,a,lac,2.0,
4,2021,6227,"McManus, Brandon",PK,den,h,bal,1.0,
4,2021,6430,"Joseph, Greg",PK,min,h,cle,1.0,
4,2021,7004,Buffalo,Def,buf,h,hou,23.0,5000.0
4,2021,7003,Baltimore,Def,bal,a,den,11.0,4300.0
4,2021,7029,Tampa Bay,Def,tam,a,nwe,9.0,4400.0
4,2021,7006,Chicago,Def,chi,h,det,9.0,4500.0
4,2021,7009,Dallas,Def,dal,h,car,8.0,3800.0
4,2021,7008,Cleveland,Def,cle,a,min,8.0,4400.0
4,2021,7013,Indianapolis,Def,ind,a,mia,8.0,4600.0
4,2021,7021,New York J,Def,nyj,h,ten,7.0,3000.0
4,2021,7012,Green Bay,Def,gnb,h,pit,7.0,4200.0
4,2021,7026,LA Chargers,Def,lac,h,oak,7.0,3800.0
4,2021,7028,Seattle,Def,sea,a,sfo,6.0,3300.0
4,2021,7031,Washington,Def,was,a,atl,6.0,4000.0
4,2021,7001,Arizona,Def,ari,a,lar,5.0,4100.0
4,2021,7024,Pittsburgh,Def,pit,a,gnb,5.0,3900.0
4,2021,7016,Miami,Def,mia,h,ind,4.0,4000.0
4,2021,7017,Minnesota,Def,min,h,cle,4.0,3500.0
4,2021,7010,Denver,Def,den,h,bal,3.0,4200.0
4,2021,7011,Detroit,Def,det,a,chi,3.0,4100.0
4,2021,7030,Tennessee,Def,ten,a,nyj,3.0,4900.0
4,2021,7019,New Orleans,Def,nor,h,nyg,2.0,4800.0
4,2021,7015,Kansas City,Def,kan,a,phi,2.0,3700.0
4,2021,7027,San Francisco,Def,sfo,h,sea,2.0,3900.0
4,2021,7018,New England,Def,nwe,h,tam,2.0,3700.0
4,2021,7020,New York G,Def,nyg,a,nor,2.0,3400.0
4,2021,7022,Las Vegas,Def,lvr,a,lac,1.0,4000.0
4,2021,7007,Cincinnati,Def,cin,h,jac,1.0,4600.0
4,2021,7014,Jacksonville,Def,jac,a,cin,1.0,3400.0
4,2021,7002,Atlanta,Def,atl,h,was,0.0,3600.0
4,2021,7023,Philadelphia,Def,phi,h,kan,-1.0,3200.0
4,2021,7032,Houston,Def,hou,a,buf,-1.0,3100.0
4,2021,7025,LA Rams,Def,lar,h,ari,-1.0,3800.0
4,2021,7005,Carolina,Def,car,a,dal,-4.0,3700.0
1,2021,1537,"Murray, Kyler",QB,ari,a,ten,34.56,8400.0
1,2021,1523,"Mahomes II, Patrick",QB,kan,h,cle,33.28,8800.0
1,2021,1490,"Goff, Jared",QB,det,h,sfo,29.92,6500.0
1,2021,1465,"Winston, Jameis",QB,nor,h,gnb,29.62,6700.0
1,2021,1131,"Brady, Tom",QB,tam,h,dal,29.16,7800.0
1,2021,1554,"Hurts, Jalen",QB,phi,a,atl,28.76,7600.0
1,2021,1501,"Prescott, Dak",QB,dal,a,tam,28.42,7600.0
1,2021,1412,"Wilson, Russell",QB,sea,a,ind,27.06,7800.0
1,2021,1441,"Carr, Derek",QB,lvr,h,bal,25.0,6700.0
1,2021,1340,"Stafford, Matthew",QB,lar,h,chi,24.34,7400.0
1,2021,1400,"Taylor, Tyrod",QB,hou,h,jac,23.64,6800.0
1,2021,1565,"Lawrence, Trevor",QB,jac,a,hou,22.08,6800.0
1,2021,1415,"Cousins, Kirk",QB,min,a,cin,22.04,7200.0
1,2021,1539,"Jones, Daniel",QB,nyg,h,den,21.38,6700.0
1,2021,1439,"Bridgewater, Teddy",QB,den,a,nyg,20.46,6600.0
1,2021,1566,"Wilson, Zach",QB,nyj,a,car,19.32,6500.0
1,2021,1524,"Darnold, Sam",QB,car,h,nyj,19.06,6500.0
1,2021,1550,"Burrow, Joe",QB,cin,h,min,18.64,7200.0
1,2021,1514,"Wentz, Carson",QB,ind,h,sea,18.34,6500.0
1,2021,1527,"Jackson, Lamar",QB,bal,a,oak,18.0,8600.0
1,2021,1529,"Allen, Josh",QB,buf,h,pit,17.2,8100.0
1,2021,1551,"Tagovailoa, Tua",QB,mia,a,nwe,17.18,6600.0
1,2021,1572,"Jones, Mac",QB,nwe,h,mia,15.24,6200.0
1,2021,1410,"Tannehill, Ryan",QB,ten,h,ari,15.18,7700.0
1,2021,1452,"Garoppolo, Jimmy",QB,sfo,a,det,14.76,6900.0
1,2021,1552,"Herbert, Justin",QB,lac,a,was,14.38,7600.0
1,2021,1528,"Mayfield, Baker",QB,cle,a,kan,13.64,7100.0
1,2021,1232,"Roethlisberger, Ben",QB,pit,a,buf,12.02,7100.0
1,2021,1487,"Heinicke, Taylor",QB,was,h,lac,10.58,6500.0
1,2021,1301,"Ryan, Matt",QB,atl,h,phi,7.36,7300.0
1,2021,1567,"Fields, Justin",QB,chi,a,lar,6.7,6500.0
1,2021,1403,"Dalton, Andy",QB,chi,a,lar,6.54,6500.0
1,2021,1569,"Lance, Trey",QB,sfo,a,det,4.4,6300.0
1,2021,1252,"Rodgers, Aaron",QB,gnb,a,nor,3.32,8000.0
1,2021,1466,"Mariota, Marcus",QB,lvr,h,bal,3.1,6200.0
1,2021,1571,"Love, Jordan",QB,gnb,a,nor,0.72,6200.0
1,2021,1242,"Fitzpatrick, Ryan",QB,was,h,lac,0.72,6600.0
1,2021,1496,"Brissett, Jacoby",QB,mia,a,nwe,0.4,6300.0
1,2021,1530,"Hill, Taysom",QB,nor,h,gnb,0.22,6700.0
1,2021,1525,"Rosen, Josh",QB,atl,h,phi,0.0,6000.0
1,2021,1426,"Smith, Geno",QB,sea,a,ind,0.0,6100.0
1,2021,5536,"McCaffrey, Christian",RB,car,h,nyj,23.2,10400.0
1,2021,5535,"Mixon, Joe",RB,cin,h,min,23.0,7200.0
1,2021,5622,"Chubb, Nick",RB,cle,a,kan,21.1,7700.0
1,2021,5541,"Williams, Jamaal",RB,det,h,sfo,21.0,4900.0
1,2021,5822,"Swift, D'Andre",RB,det,h,sfo,20.4,6400.0
1,2021,2991,"Gordon, Melvin",RB,den,a,nyg,19.3,5600.0
1,2021,5713,"Montgomery, David",RB,chi,a,lar,18.3,7100.0
1,2021,5559,"Cook, Dalvin",RB,min,a,cin,17.4,9400.0
1,2021,5909,"Williams, Ty'Son",RB,bal,a,oak,16.9,4800.0
1,2021,5562,"Kamara, Alvin",RB,nor,h,gnb,16.6,8600.0
1,2021,5712,"Jacobs, Josh",RB,lvr,h,bal,16.5,6800.0
1,2021,5947,"Mitchell, Elijah",RB,sfo,a,det,16.4,4500.0
1,2021,5560,"Hunt, Kareem",RB,cle,a,kan,15.6,6000.0
1,2021,5714,"Sanders, Miles",RB,phi,a,atl,15.3,6600.0
1,2021,5716,"Henderson, Darrell",RB,lar,h,chi,15.2,6400.0
1,2021,5820,"Taylor, Jonathan",RB,ind,h,sea,14.6,7900.0
1,2021,2793,"Ingram, Mark",RB,hou,h,jac,14.5,4700.0
1,2021,5619,"Edmonds, Chase",RB,ari,a,ten,12.6,5900.0
1,2021,5575,"Ekeler, Austin",RB,lac,a,was,11.7,6900.0
1,2021,5910,"Gainwell, Kenny",RB,phi,a,atl,11.3,4700.0
1,2021,5565,"Carson, Chris",RB,sea,a,ind,11.2,6700.0
1,2021,5623,"Hines, Nyheim",RB,ind,h,sea,11.2,5400.0
1,2021,5715,"Harris, Damien",RB,nwe,h,mia,10.7,5800.0
1,2021,5827,"Gibson, Antonio",RB,was,h,lac,10.3,7000.0
1,2021,5395,"Johnson, David",RB,hou,h,jac,10.3,5700.0
1,2021,5789,"Gaskin, Myles",RB,mia,a,nwe,10.1,6000.0
1,2021,5446,"Drake, Kenyan",RB,lvr,h,bal,9.5,5400.0
1,2021,5717,"Singletary, Devin",RB,buf,h,pit,9.5,5300.0
1,2021,5445,"Henry, Derrick",RB,ten,h,ari,9.2,8900.0
1,2021,2954,"White, James",RB,nwe,h,mia,9.1,4800.0
1,2021,2899,"Murray, Latavius",RB,bal,a,oak,8.8,5300.0
1,2021,5818,"Edwards-Helaire, Clyde",RB,kan,h,cle,8.7,6800.0
1,2021,5320,"Davis, Mike",RB,atl,h,phi,8.7,6200.0
1,2021,5630,"Lindsay, Phillip",RB,hou,h,jac,8.5,5200.0
1,2021,5534,"Fournette, Leonard",RB,tam,h,dal,8.4,6400.0
1,2021,5865,"Hasty, JaMycal",RB,sfo,a,det,8.3,4500.0
1,2021,5849,"Robinson, James",RB,jac,a,hou,6.9,5900.0
1,2021,2933,"Hyde, Carlos",RB,jac,a,hou,6.8,4800.0
1,2021,5718,"Pollard, Tony",RB,dal,a,tam,6.3,5100.0
1,2021,2957,"Williams, Damien",RB,chi,a,lar,6.0,5000.0
1,2021,5901,"Jones, Tony",RB,nor,h,gnb,5.8,4500.0
1,2021,5904,"Harris, Najee",RB,pit,a,buf,5.4,6500.0
1,2021,5537,"Conner, James",RB,ari,a,ten,5.3,5500.0
1,2021,5444,"Elliott, Ezekiel",RB,dal,a,tam,4.9,8000.0
1,2021,5542,"McNichols, Jeremy",RB,ten,h,ari,4.8,4500.0
1,2021,5492,"Smith, Keith",RB,atl,h,phi,4.6,4500.0
1,2021,5905,"Williams, Javonte",RB,den,a,nyg,4.6,5600.0
1,2021,5764,"Ingold, Alec",RB,lvr,h,bal,4.2,4500.0
1,2021,5886,"Ahmed, Salvon",RB,mia,a,nwe,3.8,5100.0
1,2021,5538,"Perine, Samaje",RB,cin,h,min,3.4,4900.0
1,2021,5543,"Jones, Aaron",RB,gnb,a,nor,3.2,7400.0
1,2021,5614,"Barkley, Saquon",RB,nyg,h,den,3.2,8500.0
1,2021,5825,"Dillon, AJ",RB,gnb,a,nor,3.1,5000.0
1,2021,5742,"Johnson, Ty",RB,nyj,a,car,3.1,4700.0
1,2021,2995,"Abdullah, Ameer",RB,min,a,cin,2.9,4700.0
1,2021,5919,"Rountree, Larry",RB,lac,a,was,2.7,4600.0
1,2021,5907,"Carter, Michael",RB,nyj,a,car,2.5,5300.0
1,2021,5743,"Ricard, Patrick",RB,bal,a,oak,2.5,4500.0
1,2021,2994,"Coleman, Tevin",RB,nyj,a,car,2.4,5400.0
1,2021,2889,"Bernard, Giovani",RB,tam,h,dal,2.2,4900.0
1,2021,5414,"Mostert, Raheem",RB,sfo,a,det,2.0,6100.0
1,2021,5581,"Ham, C.J.",RB,min,a,cin,1.9,4500.0
1,2021,5468,"Booker, Devontae",RB,nyg,h,den,1.8,5300.0
1,2021,5441,"Brown, Malcolm",RB,mia,a,nwe,1.6,5000.0
1,2021,5873,"Dallas, DeeJay",RB,sea,a,ind,1.5,4600.0
1,2021,5911,"Hubbard, Chuba",RB,car,h,nyj,1.4,4700.0
1,2021,5914,"Hill, Kylin",RB,gnb,a,nor,1.4,4600.0
1,2021,5682,"Jackson, Justin",RB,lac,a,was,1.2,4800.0
1,2021,2908,"Juszczyk, Kyle",RB,sfo,a,det,1.2,4500.0
1,2021,5720,"Mattison, Alexander",RB,min,a,cin,1.1,4800.0
1,2021,2890,"Burkhead, Rex",RB,hou,h,jac,1.1,4700.0
1,2021,5922,"Brightwell, Gary",RB,nyg,h,den,1.1,4600.0
1,2021,5392,"Montgomery, Ty",RB,nor,h,gnb,1.0,4600.0
1,2021,5951,"Patterson, Jaret",RB,was,h,lac,0.9,4500.0
1,2021,5586,"McKissic, J.D.",RB,was,h,lac,0.8,5100.0
1,2021,5618,"Penny, Rashaad",RB,sea,a,ind,0.8,4800.0
1,2021,2874,"Bolden, Brandon",RB,nwe,h,mia,0.5,4500.0
1,2021,5657,"Cannon, Trenton",RB,sfo,a,det,0.5,4600.0
1,2021,5708,"Williams, Darrel",RB,kan,h,cle,0.4,5100.0
1,2021,5567,"Breida, Matt",RB,buf,h,pit,0.4,4900.0
1,2021,5415,"Burton, Michael",RB,kan,h,cle,0.2,4500.0
1,2021,5953,"Sargent, Mekhi",RB,ten,h,ari,0.2,4500.0
1,2021,5615,"Michel, Sony",RB,lar,h,chi,0.2,5200.0
1,2021,5876,"Nabers, Gabe",RB,lac,a,was,0.2,4500.0
1,2021,5483,"Washington, Dwayne",RB,nor,h,gnb,0.0,4500.0
1,2021,5778,"Johnson, Jakob",RB,nwe,h,mia,0.0,4500.0
1,2021,5663,"Bellore, Nick",RB,sea,a,ind,0.0,4500.0
1,2021,5625,"Wilkins, Jordan",RB,ind,h,sea,0.0,4600.0
1,2021,5921,"Evans, Chris",RB,cin,h,min,0.0,4600.0
1,2021,2935,"McKinnon, Jerick",RB,kan,h,cle,0.0,4700.0
1,2021,5800,"Blasingame, Khari",RB,ten,h,ari,0.0,4500.0
1,2021,5762,"Gillaspia, Cullen",RB,nyg,h,den,0.0,4500.0
1,2021,5952,"Felton, Demetric",RB,cle,a,kan,0.0,4500.0
1,2021,5588,"Penny, Elijhaa",RB,nyg,h,den,0.0,4500.0
1,2021,5624,"Scott, Boston",RB,phi,a,atl,0.0,4600.0
1,2021,5912,"Herbert, Khalil",RB,chi,a,lar,0.0,4600.0
1,2021,5917,"Funk, Jake",RB,lar,h,chi,0.0,4600.0
1,2021,5746,"Johnson, D'Ernest",RB,cle,a,kan,0.0,4600.0
1,2021,5628,"Ballage, Kalen",RB,pit,a,buf,0.0,4500.0
1,2021,5738,"Homer, Travis",RB,sea,a,ind,0.0,4700.0
1,2021,5504,"Watt, Derek",RB,pit,a,buf,0.0,4500.0
1,2021,5697,"Ogunbowale, Dare",RB,jac,a,hou,0.0,4500.0
1,2021,5564,"Cohen, Tarik",RB,chi,a,lar,0.0,4600.0
1,2021,5721,"Crockett, Damarea",RB,den,a,nyg,0.0,4500.0
1,2021,2820,"Jones, Taiwan",RB,buf,h,pit,0.0,4500.0
1,2021,5620,"Freeman, Royce",RB,car,h,nyj,0.0,4700.0
1,2021,5903,"Ward, Jonathan",RB,ari,a,ten,0.0,4500.0
1,2021,5740,"Snell, Benny",RB,pit,a,buf,0.0,4800.0
1,2021,5482,"Janovich, Andy",RB,cle,a,kan,0.0,4500.0
1,2021,5583,"Clement, Corey",RB,dal,a,tam,0.0,4600.0
1,2021,5547,"Gallman, Wayne",RB,atl,h,phi,0.0,5000.0
1,2021,5918,"Stevenson, Rhamondre",RB,nwe,h,mia,-0.4,4600.0
1,2021,5617,"Jones, Ronald",RB,tam,h,dal,-0.6,5900.0
1,2021,5376,"Cooper, Amari",WR,dal,a,tam,32.4,6600.0
1,2021,5485,"Hill, Tyreek",WR,kan,h,cle,31.6,8500.0
1,2021,5726,"Samuel, Deebo",WR,sfo,a,det,27.4,6300.0
1,2021,5333,"Thielen, Adam",WR,min,a,cin,25.7,7300.0
1,2021,5550,"Davis, Corey",WR,nyj,a,car,24.2,5800.0
1,2021,5386,"Lockett, Tyler",WR,sea,a,ind,24.0,6800.0
1,2021,5206,"Hopkins, DeAndre",WR,ari,a,ten,23.3,8200.0
1,2021,5636,"Kirk, Christian",WR,ari,a,ten,21.5,5200.0
1,2021,3474,"Brown, Antonio",WR,tam,h,dal,21.2,5700.0
1,2021,5456,"Shepard, Sterling",WR,nyg,h,den,20.8,5500.0
1,2021,5552,"Kupp, Cooper",WR,lar,h,chi,20.3,6200.0
1,2021,5831,"Lamb, CeeDee",WR,dal,a,tam,19.9,6300.0
1,2021,5579,"Godwin, Chris",WR,tam,h,dal,19.0,7200.0
1,2021,5924,"Chase, Ja'Marr",WR,cin,h,min,18.4,5500.0
1,2021,5647,"Pascal, Zach",WR,ind,h,sea,18.3,4900.0
1,2021,5594,"Williams, Mike",WR,lac,a,was,18.2,5700.0
1,2021,5335,"Landry, Jarvis",WR,cle,a,kan,16.9,6400.0
1,2021,5730,"Brown, Marquise",WR,bal,a,oak,16.4,6200.0
1,2021,5168,"Jones, Marvin",WR,jac,a,hou,16.2,5800.0
1,2021,5659,"Chark, D.J.",WR,jac,a,hou,16.1,6100.0
1,2021,5925,"Smith, Devonta",WR,phi,a,atl,16.1,5300.0
1,2021,5378,"Agholor, Nelson",WR,nwe,h,mia,15.7,5600.0
1,2021,5255,"Cooks, Brandin",WR,hou,h,jac,15.7,6300.0
1,2021,5844,"Jefferson, Van",WR,lar,h,chi,15.0,4900.0
1,2021,5198,"Allen, Keenan",WR,lac,a,was,14.5,7400.0
1,2021,5760,"Harris, Deonte",WR,nor,h,gnb,14.2,5300.0
1,2021,5926,"Waddle, Jaylen",WR,mia,a,nwe,14.1,5200.0
1,2021,5725,"Metcalf, D.K.",WR,sea,a,ind,14.0,7700.0
1,2021,5834,"Reagor, Jalen",WR,phi,a,atl,13.9,5400.0
1,2021,5839,"Higgins, Tee",WR,cin,h,min,13.8,6000.0
1,2021,5728,"Brown, A.J.",WR,ten,h,ari,12.9,7800.0
1,2021,5633,"Moore, D.J.",WR,car,h,nyj,12.4,6700.0
1,2021,5502,"Anderson, Robby",WR,car,h,nyj,12.2,6200.0
1,2021,5754,"Johnson, Diontae",WR,pit,a,buf,12.1,6600.0
1,2021,3851,"Amendola, Danny",WR,hou,h,jac,11.9,0.0
1,2021,5651,"Patrick, Tim",WR,den,a,nyg,11.9,4900.0
1,2021,5252,"Watkins, Sammy",WR,bal,a,oak,11.6,5300.0
1,2021,5557,"Jones, Zay",WR,lvr,h,bal,11.6,4500.0
1,2021,5424,"Diggs, Stefon",WR,buf,h,pit,11.4,7900.0
1,2021,5859,"Osborn, K.J.",WR,min,a,cin,11.1,4500.0
1,2021,5858,"Davis, Gabriel",WR,buf,h,pit,11.0,4900.0
1,2021,5217,"Woods, Robert",WR,lar,h,chi,10.9,6500.0
1,2021,5852,"Cephus, Quintez",WR,det,h,sfo,10.7,4700.0
1,2021,5832,"Jeudy, Jerry",WR,den,a,nyg,10.2,5500.0
1,2021,5854,"Edwards, Bryan",WR,lvr,h,bal,10.1,4600.0
1,2021,5380,"Parker, DeVante",WR,mia,a,nwe,10.1,6100.0
1,2021,5944,"Schwartz, Anthony",WR,cle,a,kan,10.1,4600.0
1,2021,5835,"Jefferson, Justin",WR,min,a,cin,10.04,8000.0
1,2021,5761,"Renfrow, Hunter",WR,lvr,h,bal,10.0,5000.0
1,2021,5163,"Beasley, Cole",WR,buf,h,pit,10.0,5500.0
1,2021,5847,"Shenault Jr., Laviska",WR,jac,a,hou,9.4,5600.0
1,2021,5699,"Sherfield, Trent",WR,sfo,a,det,9.3,4500.0
1,2021,5934,"Moore, Rondale",WR,ari,a,ten,8.8,4900.0
1,2021,5861,"Claypool, Chase",WR,pit,a,buf,8.5,6000.0
1,2021,5554,"Golladay, Kenny",WR,nyg,h,den,8.4,6200.0
1,2021,5500,"Rogers, Chester",WR,ten,h,ari,8.2,4500.0
1,2021,5757,"McLaurin, Terry",WR,was,h,lac,8.2,6900.0
1,2021,5263,"Adams, Davante",WR,gnb,a,nor,8.1,8600.0
1,2021,5767,"Slayton, Darius",WR,nyg,h,den,8.0,5000.0
1,2021,5208,"Patterson, Cordarrelle",WR,atl,h,phi,7.7,5200.0
1,2021,5631,"Ridley, Calvin",WR,atl,h,phi,7.6,8100.0
1,2021,5641,"Berrios, Braxton",WR,nyj,a,car,7.6,4600.0
1,2021,5167,"Hogan, Chris",WR,nor,h,gnb,7.5,4900.0
1,2021,5520,"Raymond, Kalif",WR,det,h,sfo,7.4,4500.0
1,2021,5749,"Meyers, Jakobi",WR,nwe,h,mia,7.4,5400.0
1,2021,3983,"Sanders, Emmanuel",WR,buf,h,pit,7.2,5300.0
1,2021,5553,"Smith-Schuster, JuJu",WR,pit,a,buf,7.2,6400.0
1,2021,5258,"Robinson, Allen",WR,chi,a,lar,6.5,6900.0
1,2021,5801,"Guyton, Jalen",WR,lac,a,was,6.4,5100.0
1,2021,5205,"Goodwin, Marquise",WR,chi,a,lar,6.3,4700.0
1,2021,5842,"Hamler, KJ",WR,den,a,nyg,5.6,5100.0
1,2021,5833,"Ruggs III, Henry",WR,lvr,h,bal,5.6,5300.0
1,2021,5634,"Gallup, Michael",WR,dal,a,tam,5.6,5800.0
1,2021,5857,"Mooney, Darnell",WR,chi,a,lar,5.1,5500.0
1,2021,5455,"Boyd, Tyler",WR,cin,h,min,4.7,5900.0
1,2021,5868,"Hill, K.J.",WR,lac,a,was,4.5,4500.0
1,2021,5838,"Mims, Denzel",WR,nyj,a,car,4.5,4900.0
1,2021,5837,"Pittman Jr., Michael",WR,ind,h,sea,4.4,5300.0
1,2021,5089,"Jones, Julio",WR,ten,h,ari,4.4,7000.0
1,2021,5933,"Marshall, Terrace",WR,car,h,nyj,4.1,4900.0
1,2021,5253,"Evans, Mike",WR,tam,h,dal,3.9,7600.0
1,2021,5766,"Wilson, Cedrick",WR,dal,a,tam,3.9,4700.0
1,2021,5125,"Cobb, Randall",WR,gnb,a,nor,3.8,5400.0
1,2021,5895,"Watkins, Quez",WR,phi,a,atl,3.8,4600.0
1,2021,5385,"Conley, Chris",WR,hou,h,jac,3.7,5100.0
1,2021,5949,"Strachan, Mike",WR,ind,h,sea,3.6,4500.0
1,2021,5091,"Green, A.J.",WR,ari,a,ten,3.5,5400.0
1,2021,5531,"Byrd, Damiere",WR,chi,a,lar,3.4,5100.0
1,2021,5954,"Benson, Trinity",WR,det,h,sfo,3.4,4500.0
1,2021,5727,"Hardman, Mecole",WR,kan,h,cle,3.4,5400.0
1,2021,5935,"Eskridge, D'Wayne",WR,sea,a,ind,3.3,4800.0
1,2021,5928,"St. Brown, Amon-Ra",WR,det,h,sfo,3.3,5000.0
1,2021,5656,"Valdes-Scantling, Marquez",WR,gnb,a,nor,3.2,5200.0
1,2021,3770,"Jackson, DeSean",WR,lar,h,chi,3.1,5300.0
1,2021,5729,"Campbell, Parris",WR,ind,h,sea,2.9,5000.0
1,2021,5711,"Lazard, Allen",WR,gnb,a,nor,2.6,5600.0
1,2021,5432,"Williams, Tyrell",WR,det,h,sfo,2.4,5400.0
1,2021,5879,"Taylor, Malik",WR,gnb,a,nor,2.4,4500.0
1,2021,5948,"Rodgers, Amari",WR,gnb,a,nor,2.4,4500.0
1,2021,5598,"Bourne, Kendrick",WR,nwe,h,mia,2.2,4900.0
1,2021,5929,"Palmer, Josh",WR,lac,a,was,2.2,5000.0
1,2021,5812,"Sims, Cam",WR,was,h,lac,2.2,4500.0
1,2021,5412,"Humphries, Adam",WR,was,h,lac,2.0,4900.0
1,2021,5635,"Washington, James",WR,pit,a,buf,2.0,4900.0
1,2021,5637,"Sutton, Courtland",WR,den,a,nyg,1.9,5800.0
1,2021,5877,"Callaway, Marquez",WR,nor,h,gnb,1.9,5200.0
1,2021,5603,"Westbrook, Dede",WR,min,a,cin,1.6,4700.0
1,2021,5871,"Westbrook, Nick",WR,ten,h,ari,1.5,4500.0
1,2021,5515,"Robinson, Demarcus",WR,kan,h,cle,1.4,4900.0
1,2021,5159,"Sanu, Mohamed",WR,sfo,a,det,1.2,4700.0
1,2021,5932,"Collins, Nico",WR,hou,h,jac,1.2,4900.0
1,2021,5759,"Pringle, Byron",WR,kan,h,cle,1.1,4700.0
1,2021,5784,"Board, C.J.",WR,nyg,h,den,1.1,4500.0
1,2021,5878,"Johnson, Tyron",WR,jac,a,hou,1.1,4800.0
1,2021,5841,"Duvernay, Devin",WR,bal,a,oak,1.1,4900.0
1,2021,5503,"Thomas, Mike",WR,cin,h,min,1.0,4600.0
1,2021,5874,"Peoples-Jones, Donovan",WR,cle,a,kan,0.9,4700.0
1,2021,5931,"Toney, Kadarius",WR,nyg,h,den,0.8,4900.0
1,2021,5853,"Swain, Freddie",WR,sea,a,ind,0.5,4700.0
1,2021,5936,"Brown, Dyami",WR,was,h,lac,0.3,4700.0
1,2021,5927,"Moore, Elijah",WR,nyj,a,car,0.2,5000.0
1,2021,5666,"Kemp, Marcus",WR,kan,h,cle,0.0,4500.0
1,2021,5461,"Sharpe, Tajae",WR,atl,h,phi,0.0,4500.0
1,2021,5578,"Hollins, Mack",WR,mia,a,nwe,0.0,4500.0
1,2021,5677,"Zylstra, Brandon",WR,car,h,nyj,0.0,4500.0
1,2021,5752,"Olszewski, Gunner",WR,nwe,h,mia,0.0,4600.0
1,2021,5480,"Erickson, Alex",WR,car,h,nyj,0.0,4500.0
1,2021,5339,"Wilson, Albert",WR,mia,a,nwe,0.0,4500.0
1,2021,5680,"Gage, Russell",WR,atl,h,phi,0.0,5700.0
1,2021,5845,"Proche, James",WR,bal,a,oak,0.0,4600.0
1,2021,5894,"Hart, Penny",WR,sea,a,ind,0.0,4600.0
1,2021,5793,"Ward, Greg",WR,phi,a,atl,0.0,5000.0
1,2021,5946,"Smith-Marsette, Ihmir",WR,min,a,cin,0.0,4600.0
1,2021,5830,"Aiyuk, Brandon",WR,sfo,a,det,0.0,6500.0
1,2021,5937,"Wallace, Tylan",WR,bal,a,oak,0.0,4700.0
1,2021,5772,"Miller, Scott",WR,tam,h,dal,0.0,4800.0
1,2021,5765,"Spencer, Diontae",WR,den,a,nyg,0.0,4600.0
1,2021,5600,"Mickens, Jaydon",WR,tam,h,dal,0.0,4500.0
1,2021,5421,"Smith, Devin",WR,jac,a,hou,0.0,4500.0
1,2021,5779,"Morgan, Stanley",WR,cin,h,min,0.0,4500.0
1,2021,5475,"Higgins, Rashard",WR,cle,a,kan,0.0,5000.0
1,2021,5855,"Agnew, Jamal",WR,jac,a,hou,0.0,4500.0
1,2021,5846,"Johnson, Tyler",WR,tam,h,dal,0.0,4600.0
1,2021,5696,"Tate, Auden",WR,cin,h,min,0.0,4700.0
1,2021,5287,"Snead, Willie",WR,lvr,h,bal,0.0,4700.0
1,2021,3978,"Roberts, Andre",WR,hou,h,jac,0.0,4500.0
1,2021,5790,"Blake, Christian",WR,atl,h,phi,0.0,4800.0
1,2021,5807,"Smith, Jeff",WR,nyj,a,car,0.0,4500.0
1,2021,5704,"Kumerow, Jake",WR,buf,h,pit,0.0,4500.0
1,2021,5799,"Zaccheaus, Olamide",WR,atl,h,phi,0.0,5000.0
1,2021,3760,"Slater, Matthew",WR,nwe,h,mia,0.0,4500.0
1,2021,5654,"Carter, DeAndre",WR,was,h,lac,0.0,4500.0
1,2021,5732,"Arcega-Whiteside, JJ",WR,phi,a,atl,0.0,4500.0
1,2021,5665,"McCloud, Ray-Ray",WR,pit,a,buf,0.0,4600.0
1,2021,5798,"Dulin, Ashton",WR,ind,h,sea,0.0,4500.0
1,2021,5802,"Webster, Nsimba",WR,chi,a,lar,0.0,4500.0
1,2021,5486,"Grant, Jakeem",WR,mia,a,nwe,0.0,4500.0
1,2021,5771,"Humphrey, Lil'Jordan",WR,nor,h,gnb,0.0,4700.0
1,2021,5939,"Atwell, Tutu",WR,lar,h,chi,0.0,4600.0
1,2021,5574,"McKenzie, Isaiah",WR,buf,h,pit,-0.3,4600.0
1,2021,4494,"Gronkowski, Rob",TE,tam,h,dal,25.0,5200.0
1,2021,4582,"Kelce, Travis",TE,kan,h,cle,22.6,8500.0
1,2021,4749,"Hockenson, T.J.",TE,det,h,sfo,21.7,5700.0
1,2021,5419,"Waller, Darren",TE,lvr,h,bal,21.5,7000.0
1,2021,5883,"Johnson, Juwan",TE,nor,h,gnb,15.6,4500.0
1,2021,4725,"Goedert, Dallas",TE,phi,a,atl,12.2,5900.0
1,2021,1463,"Thomas, Logan",TE,was,h,lac,10.5,5600.0
1,2021,4703,"Kittle, George",TE,sfo,a,det,9.8,7000.0
1,2021,4680,"Higbee, Tyler",TE,lar,h,chi,9.3,5400.0
1,2021,4748,"Fant, Noah",TE,den,a,nyg,9.2,5400.0
1,2021,4702,"Njoku, David",TE,cle,a,kan,9.1,4600.0
1,2021,4705,"Everett, Gerald",TE,sea,a,ind,9.0,4800.0
1,2021,4697,"Manhertz, Chris",TE,jac,a,hou,8.7,4200.0
1,2021,4753,"Brown, Pharaoh",TE,hou,h,jac,8.7,4300.0
1,2021,4437,"Cook, Jared",TE,lac,a,was,8.1,5200.0
1,2021,4664,"O'Shaughnessy, James",TE,jac,a,hou,7.8,4600.0
1,2021,4742,"Schultz, Dalton",TE,dal,a,tam,7.5,4800.0
1,2021,4706,"Smith, Jonnu",TE,nwe,h,mia,7.3,4900.0
1,2021,4789,"Okwuegbunam, Albert",TE,den,a,nyg,7.1,4200.0
1,2021,4778,"Kmet, Cole",TE,chi,a,lar,6.7,5100.0
1,2021,4732,"Conklin, Tyler",TE,min,a,cin,6.1,4400.0
1,2021,4750,"Knox, Dawson",TE,buf,h,pit,6.1,5000.0
1,2021,4727,"Dissly, Will",TE,sea,a,ind,5.2,4400.0
1,2021,4801,"Pitts, Kyle",TE,atl,h,phi,5.1,6000.0
1,2021,4720,"Hurst, Hayden",TE,atl,h,phi,4.8,4900.0
1,2021,4675,"Henry, Hunter",TE,nwe,h,mia,4.6,5300.0
1,2021,4656,"Uzomah, C.J.",TE,cin,h,min,4.5,4800.0
1,2021,4569,"Ertz, Zach",TE,phi,a,atl,4.4,5000.0
1,2021,4677,"Hooper, Austin",TE,cle,a,kan,4.2,5100.0
1,2021,4652,"Kroft, Tyler",TE,nyj,a,car,4.1,4700.0
1,2021,4592,"Griffin, Ryan",TE,nyj,a,car,3.7,4000.0
1,2021,4594,"Doyle, Jack",TE,ind,h,sea,3.6,4800.0
1,2021,4733,"Jarwin, Blake",TE,dal,a,tam,3.5,4500.0
1,2021,4721,"Andrews, Mark",TE,bal,a,oak,3.5,6200.0
1,2021,4738,"Firkser, Anthony",TE,ten,h,ari,3.4,4700.0
1,2021,4784,"Trautman, Adam",TE,nor,h,gnb,3.3,4600.0
1,2021,4802,"Freiermuth, Pat",TE,pit,a,buf,2.9,4400.0
1,2021,4324,"Lewis, Marcedes",TE,gnb,a,nor,2.4,4300.0
1,2021,4601,"Ebron, Eric",TE,pit,a,buf,2.4,5200.0
1,2021,4730,"Thomas, Ian",TE,car,h,nyj,2.2,4400.0
1,2021,4780,"Bryant, Harrison",TE,cle,a,kan,2.2,4700.0
1,2021,4537,"Rudolph, Kyle",TE,nyg,h,den,1.8,4500.0
1,2021,4744,"Tonyan, Robert",TE,gnb,a,nor,1.8,5400.0
1,2021,4492,"Graham, Jimmy",TE,chi,a,lar,1.6,5000.0
1,2021,4741,"Arnold, Dan",TE,car,h,nyj,1.6,4500.0
1,2021,4737,"Smythe, Durham",TE,mia,a,nwe,1.4,4600.0
1,2021,4726,"Saubert, Eric",TE,den,a,nyg,1.2,4100.0
1,2021,4666,"Bell, Blake",TE,kan,h,cle,1.0,4100.0
1,2021,4609,"Fells, Darren",TE,det,h,sfo,0.7,4400.0
1,2021,4679,"Anderson, Stephen",TE,lac,a,was,0.6,4000.0
1,2021,4775,"Gentry, Zach",TE,pit,a,buf,0.3,4000.0
1,2021,4712,"Seals-Jones, Ricky",TE,was,h,lac,0.0,4000.0
1,2021,4714,"Sprinkle, Jeremy",TE,dal,a,tam,0.0,4100.0
1,2021,4717,"Griffin, Garrett",TE,nor,h,gnb,0.0,4100.0
1,2021,4729,"Akins, Jordan",TE,hou,h,jac,0.0,4800.0
1,2021,4653,"James, Jesse",TE,chi,a,lar,0.0,4400.0
1,2021,4766,"Oliver, Josh",TE,bal,a,oak,0.0,4100.0
1,2021,4781,"Deguara, Josiah",TE,gnb,a,nor,0.0,4200.0
1,2021,4716,"Auclair, Antony",TE,hou,h,jac,0.0,4000.0
1,2021,4759,"Winchester, James",TE,kan,h,cle,0.0,4000.0
1,2021,4752,"Sweeney, Tommy",TE,buf,h,pit,0.0,4100.0
1,2021,4711,"Carter, Cethan",TE,mia,a,nwe,0.0,4000.0
1,2021,4668,"Swaim, Geoff",TE,ten,h,ari,0.0,4200.0
1,2021,4704,"Tomlinson, Eric",TE,bal,a,oak,0.0,4000.0
1,2021,4599,"Carrier, Derek",TE,lvr,h,bal,0.0,4100.0
1,2021,4642,"Harris, Demetrius",TE,ari,a,ten,0.0,4000.0
1,2021,4719,"Gesicki, Mike",TE,mia,a,nwe,0.0,5500.0
1,2021,4806,"Tremble, Tommy",TE,car,h,nyj,0.0,4100.0
1,2021,4734,"Herndon, Chris",TE,min,a,cin,0.0,4400.0
1,2021,4756,"Sample, Drew",TE,cin,h,min,0.0,4300.0
1,2021,4747,"Mundt, Johnny",TE,lar,h,chi,0.0,4000.0
1,2021,4760,"Moreau, Foster",TE,lvr,h,bal,0.0,4500.0
1,2021,4535,"Smith, Lee",TE,atl,h,phi,0.0,4300.0
1,2021,4763,"Holtz, J.P.",TE,chi,a,lar,0.0,4000.0
1,2021,4700,"Howard, O.J.",TE,tam,h,dal,0.0,4900.0
1,2021,4736,"Alie-Cox, Mo",TE,ind,h,sea,0.0,4700.0
1,2021,4770,"Smith, Kaden",TE,nyg,h,den,0.0,4100.0
1,2021,4800,"Dafney, Dominique",TE,gnb,a,nor,0.0,4100.0
1,2021,4669,"Pruitt, MyCole",TE,ten,h,ari,0.0,4000.0
1,2021,4787,"Parham, Donald",TE,lac,a,was,0.0,4300.0
1,2021,4708,"Daniels, Darrell",TE,ari,a,ten,0.0,4200.0
1,2021,4807,"Bates, John",TE,was,h,lac,0.0,4100.0
1,2021,4754,"Dillon, Brandon",TE,min,a,cin,0.0,4100.0
1,2021,4792,"Thompson, Colin",TE,car,h,nyj,0.0,4000.0
1,2021,4783,"Gilliam, Reggie",TE,buf,h,pit,0.0,4000.0
1,2021,5436,"Brown, Daniel",TE,nyj,a,car,0.0,4000.0
1,2021,4650,"Williams, Maxx",TE,ari,a,ten,0.0,4300.0
1,2021,4797,"Woerner, Charlie",TE,sfo,a,det,0.0,4100.0
1,2021,4805,"Farrell, Luke",TE,jac,a,hou,0.0,4100.0
1,2021,4648,"Brate, Cameron",TE,tam,h,dal,0.0,4500.0
1,2021,4758,"Wesco, Trevon",TE,nyj,a,car,0.0,4100.0
1,2021,4745,"Dwelley, Ross",TE,sfo,a,det,0.0,4200.0
1,2021,6096,"Gould, Robbie",PK,sfo,a,det,14.0,
1,2021,6437,"Slye, Joey",PK,hou,h,jac,14.0,
1,2021,6225,"Boswell, Chris",PK,pit,a,buf,12.0,
1,2021,6209,"Hopkins, Dustin",PK,was,h,lac,12.0,
1,2021,6205,"Zuerlein, Greg",PK,dal,a,tam,12.0,
1,2021,6436,"Gay, Matt",PK,lar,h,chi,12.0,
1,2021,6439,"Bass, Tyler",PK,buf,h,pit,11.0,
1,2021,6120,"Folk, Nick",PK,nwe,h,mia,11.0,
1,2021,6450,"McPherson, Evan",PK,cin,h,min,11.0,
1,2021,6206,"Tucker, Justin",PK,bal,a,oak,11.0,
1,2021,6428,"Carlson, Daniel",PK,lvr,h,bal,11.0,
1,2021,6423,"Butker, Harrison",PK,kan,h,cle,10.0,
1,2021,6227,"McManus, Brandon",PK,den,a,nyg,9.0,
1,2021,6242,"Rosas, Aldrick",PK,nor,h,gnb,9.0,
1,2021,6430,"Joseph, Greg",PK,min,a,cin,8.0,
1,2021,6448,"Vizcaino, Tristan",PK,lac,a,was,8.0,
1,2021,6159,"Prater, Matt",PK,ari,a,ten,8.0,
1,2021,6451,"Santoso, Ryan",PK,det,h,sfo,7.0,
1,2021,6169,"Succop, Ryan",PK,tam,h,dal,7.0,
1,2021,6422,"Elliott, Jake",PK,phi,a,atl,7.0,
1,2021,6243,"Koo, Younghoe",PK,atl,h,phi,6.0,
1,2021,6434,"Seibert, Austin",PK,det,h,sfo,6.0,
1,2021,6427,"Sanders, Jason",PK,mia,a,nwe,6.0,
1,2021,6236,"Myers, Jason",PK,sea,a,ind,4.0,
1,2021,6440,"Blankenship, Rodrigo",PK,ind,h,sea,4.0,
1,2021,6233,"Lambo, Josh",PK,jac,a,hou,3.0,
1,2021,6104,"Crosby, Mason",PK,gnb,a,nor,3.0,
1,2021,6438,"McLaughlin, Chase",PK,cle,a,kan,3.0,
1,2021,6224,"Santos, Cairo",PK,chi,a,lar,2.0,
1,2021,6172,"Gano, Graham",PK,nyg,h,den,1.0,
1,2021,6432,"Badgley, Mike",PK,ten,h,ari,1.0,
1,2021,7001,Arizona,Def,ari,a,ten,16.0,3400.0
1,2021,7019,New Orleans,Def,nor,h,gnb,15.0,3700.0
1,2021,7024,Pittsburgh,Def,pit,a,buf,14.0,4000.0
1,2021,7023,Philadelphia,Def,phi,a,atl,10.0,3800.0
1,2021,7027,San Francisco,Def,sfo,a,det,10.0,5000.0
1,2021,7005,Carolina,Def,car,h,nyj,9.0,4600.0
1,2021,7010,Denver,Def,den,a,nyg,8.0,4100.0
1,2021,7025,LA Rams,Def,lar,h,chi,8.0,4900.0
1,2021,7022,Las Vegas,Def,lvr,h,bal,7.0,3200.0
1,2021,7032,Houston,Def,hou,h,jac,7.0,3400.0
1,2021,7009,Dallas,Def,dal,a,tam,7.0,3400.0
1,2021,7031,Washington,Def,was,h,lac,7.0,4200.0
1,2021,7028,Seattle,Def,sea,a,ind,6.0,4800.0
1,2021,7016,Miami,Def,mia,a,nwe,6.0,4000.0
1,2021,7007,Cincinnati,Def,cin,h,min,5.0,3000.0
1,2021,7015,Kansas City,Def,kan,h,cle,5.0,3600.0
1,2021,7017,Minnesota,Def,min,a,cin,5.0,3800.0
1,2021,7018,New England,Def,nwe,h,mia,5.0,4400.0
1,2021,7021,New York J,Def,nyj,a,car,4.0,3500.0
1,2021,7020,New York G,Def,nyg,h,den,4.0,3700.0
1,2021,7003,Baltimore,Def,bal,a,oak,4.0,4500.0
1,2021,7026,LA Chargers,Def,lac,a,was,4.0,4300.0
1,2021,7013,Indianapolis,Def,ind,h,sea,4.0,4100.0
1,2021,7004,Buffalo,Def,buf,h,pit,3.0,3600.0
1,2021,7029,Tampa Bay,Def,tam,h,dal,2.0,4000.0
1,2021,7011,Detroit,Def,det,h,sfo,1.0,3300.0
1,2021,7008,Cleveland,Def,cle,a,kan,1.0,3100.0
1,2021,7002,Atlanta,Def,atl,h,phi,0.0,3900.0
1,2021,7006,Chicago,Def,chi,a,lar,0.0,3900.0
1,2021,7030,Tennessee,Def,ten,h,ari,0.0,3500.0
1,2021,7014,Jacksonville,Def,jac,a,hou,-3.0,3900.0
1,2021,7012,Green Bay,Def,gnb,a,nor,-4.0,4500.0
2,2021,1537,"Murray, Kyler",QB,ari,h,min,35.1,8700.0
2,2021,1527,"Jackson, Lamar",QB,bal,h,kan,34.26,8300.0
2,2021,1131,"Brady, Tom",QB,tam,h,atl,29.64,8200.0
2,2021,1539,"Jones, Daniel",QB,nyg,a,was,29.46,6900.0
2,2021,1252,"Rodgers, Aaron",QB,gnb,h,det,26.8,8000.0
2,2021,1415,"Cousins, Kirk",QB,min,a,ari,25.26,7400.0
2,2021,1523,"Mahomes II, Patrick",QB,kan,a,bal,25.02,8600.0
2,2021,1441,"Carr, Derek",QB,lvr,a,pit,24.18,6500.0
2,2021,1412,"Wilson, Russell",QB,sea,h,ten,23.32,8500.0
2,2021,1554,"Hurts, Jalen",QB,phi,h,sfo,21.8,7800.0
2,2021,1439,"Bridgewater, Teddy",QB,den,a,jac,21.22,7000.0
2,2021,1487,"Heinicke, Taylor",QB,was,h,nyg,21.04,6700.0
2,2021,1524,"Darnold, Sam",QB,car,h,nor,19.9,6600.0
2,2021,1452,"Garoppolo, Jimmy",QB,sfo,a,phi,19.56,6600.0
2,2021,1490,"Goff, Jared",QB,det,a,gnb,19.44,6800.0
2,2021,1301,"Ryan, Matt",QB,atl,a,tam,19.3,6700.0
2,2021,1514,"Wentz, Carson",QB,ind,h,lar,18.58,6700.0
2,2021,1528,"Mayfield, Baker",QB,cle,h,hou,18.52,7100.0
2,2021,1340,"Stafford, Matthew",QB,lar,a,ind,18.22,7500.0
2,2021,1529,"Allen, Josh",QB,buf,a,mia,17.66,8100.0
2,2021,1552,"Herbert, Justin",QB,lac,h,dal,16.72,7600.0
2,2021,1400,"Taylor, Tyrod",QB,hou,a,cle,16.5,6800.0
2,2021,1232,"Roethlisberger, Ben",QB,pit,h,oak,14.8,7200.0
2,2021,1410,"Tannehill, Ryan",QB,ten,a,sea,14.58,7300.0
2,2021,1550,"Burrow, Joe",QB,cin,a,chi,13.28,7100.0
2,2021,1465,"Winston, Jameis",QB,nor,a,car,10.34,7700.0
2,2021,1565,"Lawrence, Trevor",QB,jac,h,den,8.82,6900.0
2,2021,1403,"Dalton, Andy",QB,chi,h,cin,8.74,6500.0
2,2021,1501,"Prescott, Dak",QB,dal,a,lac,8.48,8000.0
2,2021,1572,"Jones, Mac",QB,nwe,a,nyj,7.44,6800.0
2,2021,1574,"Mills, Davis",QB,hou,a,cle,6.98,6000.0
2,2021,1496,"Brissett, Jacoby",QB,mia,h,buf,6.56,6300.0
2,2021,1566,"Wilson, Zach",QB,nyj,h,nwe,6.3,6500.0
2,2021,1567,"Fields, Justin",QB,chi,h,cin,4.5,6400.0
2,2021,1561,"Hinton, Kendall",QB,den,a,jac,2.0,6000.0
2,2021,1530,"Hill, Taysom",QB,nor,a,car,1.6,6400.0
2,2021,1551,"Tagovailoa, Tua",QB,mia,h,buf,0.52,6600.0
2,2021,1558,"Walker, P.J.",QB,car,h,nor,0.0,6100.0
2,2021,1568,"Eason, Jacob",QB,ind,h,lar,0.0,6200.0
2,2021,1525,"Rosen, Josh",QB,atl,a,tam,0.0,6000.0
2,2021,1519,"Trubisky, Mitchell",QB,buf,a,mia,-0.2,6300.0
2,2021,1381,"Gabbert, Blaine",QB,tam,h,atl,-0.3,6000.0
2,2021,1571,"Love, Jordan",QB,gnb,h,det,-0.3,6200.0
2,2021,5445,"Henry, Derrick",RB,ten,a,sea,44.7,8000.0
2,2021,5543,"Jones, Aaron",RB,gnb,h,det,38.5,7000.0
2,2021,5536,"McCaffrey, Christian",RB,car,h,nor,22.2,10000.0
2,2021,5718,"Pollard, Tony",RB,dal,a,lac,21.5,4800.0
2,2021,5575,"Ekeler, Austin",RB,lac,h,dal,18.0,7000.0
2,2021,5586,"McKissic, J.D.",RB,was,h,nyg,17.8,4900.0
2,2021,5444,"Elliott, Ezekiel",RB,dal,a,lac,16.7,7500.0
2,2021,5904,"Harris, Najee",RB,pit,h,oak,16.6,6100.0
2,2021,5622,"Chubb, Nick",RB,cle,h,hou,16.3,8400.0
2,2021,5717,"Singletary, Devin",RB,buf,a,mia,16.1,5600.0
2,2021,5559,"Cook, Dalvin",RB,min,a,ari,15.8,9200.0
2,2021,5716,"Henderson, Darrell",RB,lar,a,ind,15.7,6400.0
2,2021,2954,"White, James",RB,nwe,a,nyj,15.5,4800.0
2,2021,5565,"Carson, Chris",RB,sea,h,ten,15.1,6700.0
2,2021,5824,"Moss, Zack",RB,buf,a,mia,14.4,5200.0
2,2021,5715,"Harris, Damien",RB,nwe,a,nyj,12.9,6200.0
2,2021,5952,"Felton, Demetric",RB,cle,h,hou,12.1,4500.0
2,2021,5909,"Williams, Ty'Son",RB,bal,h,kan,10.3,5700.0
2,2021,5619,"Edmonds, Chase",RB,ari,h,min,10.0,6000.0
2,2021,5320,"Davis, Mike",RB,atl,a,tam,9.8,5500.0
2,2021,5907,"Carter, Michael",RB,nyj,h,nwe,9.8,4900.0
2,2021,5822,"Swift, D'Andre",RB,det,a,gnb,9.8,6700.0
2,2021,5534,"Fournette, Leonard",RB,tam,h,atl,9.6,5900.0
2,2021,2899,"Murray, Latavius",RB,bal,h,kan,9.6,5300.0
2,2021,5713,"Montgomery, David",RB,chi,h,cin,9.4,7300.0
2,2021,5630,"Lindsay, Phillip",RB,hou,a,cle,8.9,4900.0
2,2021,5827,"Gibson, Antonio",RB,was,h,nyg,8.3,6600.0
2,2021,5446,"Drake, Kenyan",RB,lvr,a,pit,8.0,5500.0
2,2021,2991,"Gordon, Melvin",RB,den,a,jac,7.9,5900.0
2,2021,5614,"Barkley, Saquon",RB,nyg,a,was,7.9,7200.0
2,2021,5865,"Hasty, JaMycal",RB,sfo,a,phi,7.9,4900.0
2,2021,5905,"Williams, Javonte",RB,den,a,jac,7.9,5500.0
2,2021,5849,"Robinson, James",RB,jac,h,den,7.9,5500.0
2,2021,5535,"Mixon, Joe",RB,cin,a,chi,7.6,7800.0
2,2021,5789,"Gaskin, Myles",RB,mia,h,buf,6.6,5700.0
2,2021,5714,"Sanders, Miles",RB,phi,h,sfo,6.4,6300.0
2,2021,5947,"Mitchell, Elijah",RB,sfo,a,phi,6.3,5800.0
2,2021,5910,"Gainwell, Kenny",RB,phi,h,sfo,6.2,5000.0
2,2021,5482,"Janovich, Andy",RB,cle,h,hou,6.0,4500.0
2,2021,5560,"Hunt, Kareem",RB,cle,h,hou,5.8,5700.0
2,2021,5708,"Williams, Darrel",RB,kan,a,bal,5.8,4900.0
2,2021,5820,"Taylor, Jonathan",RB,ind,h,lar,5.8,7200.0
2,2021,5395,"Johnson, David",RB,hou,a,cle,5.7,5300.0
2,2021,5541,"Williams, Jamaal",RB,det,a,gnb,5.2,5400.0
2,2021,5562,"Kamara, Alvin",RB,nor,a,car,5.0,8800.0
2,2021,5742,"Johnson, Ty",RB,nyj,h,nwe,5.0,4700.0
2,2021,5615,"Michel, Sony",RB,lar,a,ind,4.6,5300.0
2,2021,2793,"Ingram, Mark",RB,hou,a,cle,4.5,5600.0
2,2021,5542,"McNichols, Jeremy",RB,ten,a,sea,4.4,4700.0
2,2021,5617,"Jones, Ronald",RB,tam,h,atl,4.1,5300.0
2,2021,5682,"Jackson, Justin",RB,lac,h,dal,3.4,4600.0
2,2021,5720,"Mattison, Alexander",RB,min,a,ari,3.3,4700.0
2,2021,5507,"Barber, Peyton",RB,lvr,a,pit,3.2,5000.0
2,2021,5825,"Dillon, AJ",RB,gnb,h,det,3.1,5200.0
2,2021,2930,"Freeman, Devonta",RB,bal,h,kan,2.9,4900.0
2,2021,5623,"Hines, Nyheim",RB,ind,h,lar,2.7,5100.0
2,2021,2908,"Juszczyk, Kyle",RB,sfo,a,phi,2.7,4500.0
2,2021,5818,"Edwards-Helaire, Clyde",RB,kan,a,bal,2.6,5900.0
2,2021,2889,"Bernard, Giovani",RB,tam,h,atl,2.6,4600.0
2,2021,5537,"Conner, James",RB,ari,h,min,2.6,5500.0
2,2021,5450,"Collins, Alex",RB,sea,h,ten,2.5,4500.0
2,2021,2994,"Coleman, Tevin",RB,nyj,h,nwe,2.4,5000.0
2,2021,5738,"Homer, Travis",RB,sea,h,ten,2.4,4500.0
2,2021,5441,"Brown, Malcolm",RB,mia,h,buf,2.1,4700.0
2,2021,5921,"Evans, Chris",RB,cin,a,chi,1.9,4500.0
2,2021,2935,"McKinnon, Jerick",RB,kan,a,bal,1.9,4600.0
2,2021,5886,"Ahmed, Salvon",RB,mia,h,buf,1.7,4800.0
2,2021,5415,"Burton, Michael",RB,kan,a,bal,1.6,4500.0
2,2021,5548,"Mack, Marlon",RB,ind,h,lar,1.6,4600.0
2,2021,5468,"Booker, Devontae",RB,nyg,a,was,1.6,5100.0
2,2021,2957,"Williams, Damien",RB,chi,h,cin,1.4,5300.0
2,2021,5911,"Hubbard, Chuba",RB,car,h,nor,1.0,4600.0
2,2021,5908,"Sermon, Trey",RB,sfo,a,phi,0.8,5500.0
2,2021,5914,"Hill, Kylin",RB,gnb,h,det,0.8,4600.0
2,2021,5392,"Montgomery, Ty",RB,nor,a,car,0.8,4700.0
2,2021,5901,"Jones, Tony",RB,nor,a,car,0.7,4900.0
2,2021,2933,"Hyde, Carlos",RB,jac,h,den,0.7,5400.0
2,2021,5588,"Penny, Elijhaa",RB,nyg,a,was,0.5,4500.0
2,2021,5850,"Taylor, J.J.",RB,nwe,a,nyj,0.3,4500.0
2,2021,5492,"Smith, Keith",RB,atl,a,tam,0.3,4500.0
2,2021,5919,"Rountree, Larry",RB,lac,h,dal,0.3,4900.0
2,2021,5743,"Ricard, Patrick",RB,bal,h,kan,0.2,4500.0
2,2021,5740,"Snell, Benny",RB,pit,h,oak,0.1,4500.0
2,2021,5483,"Washington, Dwayne",RB,nor,a,car,0.0,4500.0
2,2021,5778,"Johnson, Jakob",RB,nwe,a,nyj,0.0,4500.0
2,2021,5663,"Bellore, Nick",RB,sea,h,ten,0.0,4500.0
2,2021,5581,"Ham, C.J.",RB,min,a,ari,0.0,4500.0
2,2021,2890,"Burkhead, Rex",RB,hou,a,cle,0.0,4500.0
2,2021,5625,"Wilkins, Jordan",RB,ind,h,lar,0.0,4500.0
2,2021,5873,"Dallas, DeeJay",RB,sea,h,ten,0.0,4600.0
2,2021,5800,"Blasingame, Khari",RB,ten,a,sea,0.0,4500.0
2,2021,5762,"Gillaspia, Cullen",RB,nyg,a,was,0.0,4500.0
2,2021,2995,"Abdullah, Ameer",RB,min,a,ari,0.0,4600.0
2,2021,5624,"Scott, Boston",RB,phi,h,sfo,0.0,4500.0
2,2021,5912,"Herbert, Khalil",RB,chi,h,cin,0.0,4900.0
2,2021,5896,"Phillips, Scottie",RB,hou,a,cle,0.0,4500.0
2,2021,5917,"Funk, Jake",RB,lar,a,ind,0.0,5000.0
2,2021,2874,"Bolden, Brandon",RB,nwe,a,nyj,0.0,4500.0
2,2021,5746,"Johnson, D'Ernest",RB,cle,h,hou,0.0,4500.0
2,2021,5628,"Ballage, Kalen",RB,pit,h,oak,0.0,4500.0
2,2021,5953,"Sargent, Mekhi",RB,ten,a,sea,0.0,4500.0
2,2021,5567,"Breida, Matt",RB,buf,a,mia,0.0,4700.0
2,2021,5504,"Watt, Derek",RB,pit,h,oak,0.0,4500.0
2,2021,5922,"Brightwell, Gary",RB,nyg,a,was,0.0,4600.0
2,2021,5697,"Ogunbowale, Dare",RB,jac,h,den,0.0,4500.0
2,2021,5644,"Armah, Alex",RB,nor,a,car,0.0,4500.0
2,2021,5721,"Crockett, Damarea",RB,den,a,jac,0.0,4500.0
2,2021,2820,"Jones, Taiwan",RB,buf,a,mia,0.0,4500.0
2,2021,5538,"Perine, Samaje",RB,cin,a,chi,0.0,4700.0
2,2021,5620,"Freeman, Royce",RB,car,h,nor,0.0,4500.0
2,2021,5903,"Ward, Jonathan",RB,ari,h,min,0.0,4500.0
2,2021,5764,"Ingold, Alec",RB,lvr,a,pit,0.0,4500.0
2,2021,5583,"Clement, Corey",RB,dal,a,lac,0.0,4500.0
2,2021,5876,"Nabers, Gabe",RB,lac,h,dal,0.0,4500.0
2,2021,5951,"Patterson, Jaret",RB,was,h,nyg,0.0,4500.0
2,2021,5657,"Cannon, Trenton",RB,sfo,a,phi,-0.1,4700.0
2,2021,5552,"Kupp, Cooper",WR,lar,a,ind,32.3,6200.0
2,2021,5386,"Lockett, Tyler",WR,sea,h,ten,27.8,7200.0
2,2021,5757,"McLaurin, Terry",WR,was,h,nyg,22.2,6500.0
2,2021,5253,"Evans, Mike",WR,tam,h,atl,22.0,6700.0
2,2021,5208,"Patterson, Cordarrelle",WR,atl,a,tam,21.4,5200.0
2,2021,5934,"Moore, Rondale",WR,ari,h,min,20.9,4900.0
2,2021,5637,"Sutton, Courtland",WR,den,a,jac,20.4,6200.0
2,2021,5730,"Brown, Marquise",WR,bal,h,kan,20.3,6200.0
2,2021,5833,"Ruggs III, Henry",WR,lvr,a,pit,20.0,5500.0
2,2021,5594,"Williams, Mike",WR,lac,h,dal,18.6,5600.0
2,2021,5853,"Swain, Freddie",WR,sea,h,ten,18.5,4500.0
2,2021,5255,"Cooks, Brandin",WR,hou,a,cle,18.3,6600.0
2,2021,5633,"Moore, D.J.",WR,car,h,nor,17.9,6700.0
2,2021,5859,"Osborn, K.J.",WR,min,a,ari,17.6,4600.0
2,2021,5837,"Pittman Jr., Michael",WR,ind,h,lar,16.3,5200.0
2,2021,5263,"Adams, Davante",WR,gnb,h,det,16.1,8300.0
2,2021,5631,"Ridley, Calvin",WR,atl,a,tam,15.8,7700.0
2,2021,5089,"Jones, Julio",WR,ten,a,sea,15.8,6300.0
2,2021,5835,"Jefferson, Justin",WR,min,a,ari,15.5,7300.0
2,2021,5754,"Johnson, Diontae",WR,pit,h,oak,15.0,6600.0
2,2021,5168,"Jones, Marvin",WR,jac,h,den,14.5,6100.0
2,2021,5852,"Cephus, Quintez",WR,det,a,gnb,14.3,5200.0
2,2021,5579,"Godwin, Chris",WR,tam,h,atl,14.2,8000.0
2,2021,5424,"Diggs, Stefon",WR,buf,a,mia,14.0,7500.0
2,2021,5831,"Lamb, CeeDee",WR,dal,a,lac,13.4,6800.0
2,2021,5206,"Hopkins, DeAndre",WR,ari,h,min,13.4,8500.0
2,2021,5553,"Smith-Schuster, JuJu",WR,pit,h,oak,13.4,6000.0
2,2021,5759,"Pringle, Byron",WR,kan,a,bal,13.3,4700.0
2,2021,5726,"Samuel, Deebo",WR,sfo,a,phi,13.1,6900.0
2,2021,5839,"Higgins, Tee",WR,cin,a,chi,13.0,6000.0
2,2021,5456,"Shepard, Sterling",WR,nyg,a,was,13.0,6100.0
2,2021,5767,"Slayton, Darius",WR,nyg,a,was,12.9,5200.0
2,2021,5333,"Thielen, Adam",WR,min,a,ari,12.9,7600.0
2,2021,5198,"Allen, Keenan",WR,lac,h,dal,12.8,7400.0
2,2021,5895,"Watkins, Quez",WR,phi,h,sfo,12.7,4800.0
2,2021,5924,"Chase, Ja'Marr",WR,cin,a,chi,12.4,5500.0
2,2021,5647,"Pascal, Zach",WR,ind,h,lar,12.3,5100.0
2,2021,5515,"Robinson, Demarcus",WR,kan,a,bal,12.1,4700.0
2,2021,5677,"Zylstra, Brandon",WR,car,h,nor,11.9,4500.0
2,2021,5091,"Green, A.J.",WR,ari,h,min,11.9,5300.0
2,2021,5651,"Patrick, Tim",WR,den,a,jac,11.2,5400.0
2,2021,5455,"Boyd, Tyler",WR,cin,a,chi,10.8,5700.0
2,2021,5641,"Berrios, Braxton",WR,nyj,h,nwe,10.8,4700.0
2,2021,5857,"Mooney, Darnell",WR,chi,h,cin,9.6,5500.0
2,2021,5217,"Woods, Robert",WR,lar,a,ind,9.5,6500.0
2,2021,5258,"Robinson, Allen",WR,chi,h,cin,9.4,7200.0
2,2021,5955,"Jennings, Jauan",WR,sfo,a,phi,8.7,4500.0
2,2021,5725,"Metcalf, D.K.",WR,sea,h,ten,8.3,7000.0
2,2021,5761,"Renfrow, Hunter",WR,lvr,a,pit,8.2,5000.0
2,2021,5861,"Claypool, Chase",WR,pit,h,oak,8.2,5900.0
2,2021,5636,"Kirk, Christian",WR,ari,h,min,8.0,5600.0
2,2021,5727,"Hardman, Mecole",WR,kan,a,bal,8.0,5200.0
2,2021,5412,"Humphries, Adam",WR,was,h,nyg,7.9,4900.0
2,2021,5380,"Parker, DeVante",WR,mia,h,buf,6.7,5800.0
2,2021,5927,"Moore, Elijah",WR,nyj,h,nwe,6.7,5000.0
2,2021,5252,"Watkins, Sammy",WR,bal,h,kan,6.4,5300.0
2,2021,5855,"Agnew, Jamal",WR,jac,h,den,6.0,4500.0
2,2021,5841,"Duvernay, Devin",WR,bal,h,kan,6.0,5100.0
2,2021,3983,"Sanders, Emmanuel",WR,buf,a,mia,5.8,5100.0
2,2021,5728,"Brown, A.J.",WR,ten,a,sea,5.8,7100.0
2,2021,5926,"Waddle, Jaylen",WR,mia,h,buf,5.8,5500.0
2,2021,5749,"Meyers, Jakobi",WR,nwe,a,nyj,5.8,5500.0
2,2021,5163,"Beasley, Cole",WR,buf,a,mia,5.6,5400.0
2,2021,5854,"Edwards, Bryan",WR,lvr,a,pit,5.5,4900.0
2,2021,5502,"Anderson, Robby",WR,car,h,nor,5.3,6300.0
2,2021,5680,"Gage, Russell",WR,atl,a,tam,5.3,5200.0
2,2021,5554,"Golladay, Kenny",WR,nyg,a,was,5.3,5900.0
2,2021,5936,"Brown, Dyami",WR,was,h,nyg,4.9,4800.0
2,2021,5485,"Hill, Tyreek",WR,kan,a,bal,4.4,8700.0
2,2021,5125,"Cobb, Randall",WR,gnb,h,det,4.1,5000.0
2,2021,5339,"Wilson, Albert",WR,mia,h,buf,4.0,4500.0
2,2021,5807,"Smith, Jeff",WR,nyj,h,nwe,4.0,4500.0
2,2021,5376,"Cooper, Amari",WR,dal,a,lac,3.9,7800.0
2,2021,5475,"Higgins, Rashard",WR,cle,h,hou,3.7,4700.0
2,2021,5932,"Collins, Nico",WR,hou,a,cle,3.7,4800.0
2,2021,5598,"Bourne, Kendrick",WR,nwe,a,nyj,3.6,4700.0
2,2021,5378,"Agholor, Nelson",WR,nwe,a,nyj,3.6,5800.0
2,2021,5766,"Wilson, Cedrick",WR,dal,a,lac,3.5,4900.0
2,2021,5928,"St. Brown, Amon-Ra",WR,det,a,gnb,3.3,5000.0
2,2021,5500,"Rogers, Chester",WR,ten,a,sea,3.2,4600.0
2,2021,5801,"Guyton, Jalen",WR,lac,h,dal,3.2,4800.0
2,2021,5799,"Zaccheaus, Olamide",WR,atl,a,tam,3.2,4500.0
2,2021,5933,"Marshall, Terrace",WR,car,h,nor,3.2,5000.0
2,2021,5771,"Humphrey, Lil'Jordan",WR,nor,a,car,3.2,4700.0
2,2021,5929,"Palmer, Josh",WR,lac,h,dal,3.1,4900.0
2,2021,5954,"Benson, Trinity",WR,det,a,gnb,2.9,4600.0
2,2021,5520,"Raymond, Kalif",WR,det,a,gnb,2.8,4900.0
2,2021,5925,"Smith, Devonta",WR,phi,h,sfo,2.6,5600.0
2,2021,5659,"Chark, D.J.",WR,jac,h,den,2.4,6000.0
2,2021,3474,"Brown, Antonio",WR,tam,h,atl,2.2,6400.0
2,2021,5167,"Hogan, Chris",WR,nor,a,car,2.1,4900.0
2,2021,3978,"Roberts, Andre",WR,hou,a,cle,2.0,4500.0
2,2021,5287,"Snead, Willie",WR,lvr,a,pit,1.9,4800.0
2,2021,5844,"Jefferson, Van",WR,lar,a,ind,1.9,4900.0
2,2021,5385,"Conley, Chris",WR,hou,a,cle,1.8,4900.0
2,2021,5877,"Callaway, Marquez",WR,nor,a,car,1.8,5700.0
2,2021,5550,"Davis, Corey",WR,nyj,h,nwe,1.8,6400.0
2,2021,5205,"Goodwin, Marquise",WR,chi,h,cin,1.5,4700.0
2,2021,5834,"Reagor, Jalen",WR,phi,h,sfo,1.5,5200.0
2,2021,5798,"Dulin, Ashton",WR,ind,h,lar,1.5,4500.0
2,2021,5760,"Harris, Deonte",WR,nor,a,car,1.5,5400.0
2,2021,5335,"Landry, Jarvis",WR,cle,h,hou,1.4,6800.0
2,2021,5699,"Sherfield, Trent",WR,sfo,a,phi,1.4,4700.0
2,2021,3851,"Amendola, Danny",WR,hou,a,cle,1.4,4700.0
2,2021,5461,"Sharpe, Tajae",WR,atl,a,tam,1.3,4500.0
2,2021,5790,"Blake, Christian",WR,atl,a,tam,1.3,4700.0
2,2021,5830,"Aiyuk, Brandon",WR,sfo,a,phi,1.1,5900.0
2,2021,5871,"Westbrook, Nick",WR,ten,a,sea,1.1,4500.0
2,2021,5842,"Hamler, KJ",WR,den,a,jac,1.0,5500.0
2,2021,5846,"Johnson, Tyler",WR,tam,h,atl,1.0,4500.0
2,2021,5847,"Shenault Jr., Laviska",WR,jac,h,den,0.7,5600.0
2,2021,5755,"Williams, Preston",WR,mia,h,buf,0.7,4800.0
2,2021,5784,"Board, C.J.",WR,nyg,a,was,0.6,4600.0
2,2021,5574,"McKenzie, Isaiah",WR,buf,a,mia,0.6,4600.0
2,2021,5672,"St. Brown, Equanimeous",WR,gnb,h,det,0.5,4600.0
2,2021,5654,"Carter, DeAndre",WR,was,h,nyg,0.2,4500.0
2,2021,5666,"Kemp, Marcus",WR,kan,a,bal,0.0,4500.0
2,2021,5578,"Hollins, Mack",WR,mia,h,buf,0.0,4500.0
2,2021,5557,"Jones, Zay",WR,lvr,a,pit,0.0,4500.0
2,2021,5603,"Westbrook, Dede",WR,min,a,ari,0.0,4500.0
2,2021,5752,"Olszewski, Gunner",WR,nwe,a,nyj,0.0,4500.0
2,2021,3770,"Jackson, DeSean",WR,lar,a,ind,0.0,5300.0
2,2021,5480,"Erickson, Alex",WR,car,h,nor,0.0,4500.0
2,2021,5531,"Byrd, Damiere",WR,chi,h,cin,0.0,5100.0
2,2021,5845,"Proche, James",WR,bal,h,kan,0.0,4600.0
2,2021,5878,"Johnson, Tyron",WR,jac,h,den,0.0,4600.0
2,2021,5894,"Hart, Penny",WR,sea,h,ten,0.0,4500.0
2,2021,5879,"Taylor, Malik",WR,gnb,h,det,0.0,4500.0
2,2021,5793,"Ward, Greg",WR,phi,h,sfo,0.0,4500.0
2,2021,5882,"Harris, De'Michael",WR,ind,h,lar,0.0,4500.0
2,2021,5868,"Hill, K.J.",WR,lac,h,dal,0.0,4600.0
2,2021,5946,"Smith-Marsette, Ihmir",WR,min,a,ari,0.0,4500.0
2,2021,5937,"Wallace, Tylan",WR,bal,h,kan,0.0,4500.0
2,2021,5503,"Thomas, Mike",WR,cin,a,chi,0.0,4500.0
2,2021,5772,"Miller, Scott",WR,tam,h,atl,0.0,4800.0
2,2021,5711,"Lazard, Allen",WR,gnb,h,det,0.0,5300.0
2,2021,5765,"Spencer, Diontae",WR,den,a,jac,0.0,4500.0
2,2021,5585,"Brown, Noah",WR,dal,a,lac,0.0,4500.0
2,2021,5600,"Mickens, Jaydon",WR,tam,h,atl,0.0,4500.0
2,2021,5931,"Toney, Kadarius",WR,nyg,a,was,0.0,4600.0
2,2021,5779,"Morgan, Stanley",WR,cin,a,chi,0.0,4500.0
2,2021,5696,"Tate, Auden",WR,cin,a,chi,0.0,4500.0
2,2021,5159,"Sanu, Mohamed",WR,sfo,a,phi,0.0,4700.0
2,2021,5635,"Washington, James",WR,pit,h,oak,0.0,4900.0
2,2021,5675,"Hodge, KhaDarel",WR,det,a,gnb,0.0,4500.0
2,2021,5858,"Davis, Gabriel",WR,buf,a,mia,0.0,4900.0
2,2021,5453,"Treadwell, Laquon",WR,jac,h,den,0.0,4500.0
2,2021,5812,"Sims, Cam",WR,was,h,nyg,0.0,4600.0
2,2021,5656,"Valdes-Scantling, Marquez",WR,gnb,h,det,0.0,5200.0
2,2021,5704,"Kumerow, Jake",WR,buf,a,mia,0.0,4500.0
2,2021,3760,"Slater, Matthew",WR,nwe,a,nyj,0.0,4500.0
2,2021,5732,"Arcega-Whiteside, JJ",WR,phi,h,sfo,0.0,4500.0
2,2021,5949,"Strachan, Mike",WR,ind,h,lar,0.0,4600.0
2,2021,5582,"Reynolds, Josh",WR,ten,a,sea,0.0,4500.0
2,2021,5734,"Isabella, Andy",WR,ari,h,min,0.0,4500.0
2,2021,5665,"McCloud, Ray-Ray",WR,pit,h,oak,0.0,4500.0
2,2021,5802,"Webster, Nsimba",WR,chi,h,cin,0.0,4500.0
2,2021,5570,"Cole, Keelan",WR,nyj,h,nwe,0.0,4500.0
2,2021,5948,"Rodgers, Amari",WR,gnb,h,det,0.0,4600.0
2,2021,5944,"Schwartz, Anthony",WR,cle,h,hou,0.0,4800.0
2,2021,5939,"Atwell, Tutu",WR,lar,a,ind,0.0,4600.0
2,2021,5874,"Peoples-Jones, Donovan",WR,cle,h,hou,-0.1,5000.0
2,2021,5486,"Grant, Jakeem",WR,mia,h,buf,-1.5,4500.0
2,2021,4582,"Kelce, Travis",TE,kan,a,bal,20.4,8500.0
2,2021,4494,"Gronkowski, Rob",TE,tam,h,atl,17.9,5800.0
2,2021,4749,"Hockenson, T.J.",TE,det,a,gnb,16.6,6400.0
2,2021,4650,"Williams, Maxx",TE,ari,h,min,12.9,4100.0
2,2021,4744,"Tonyan, Robert",TE,gnb,h,det,12.7,5000.0
2,2021,4748,"Fant, Noah",TE,den,a,jac,11.3,5700.0
2,2021,4594,"Doyle, Jack",TE,ind,h,lar,10.9,4600.0
2,2021,4760,"Moreau, Foster",TE,lvr,a,pit,10.4,4300.0
2,2021,4801,"Pitts, Kyle",TE,atl,a,tam,9.8,5500.0
2,2021,5419,"Waller, Darren",TE,lvr,a,pit,9.0,7000.0
2,2021,4750,"Knox, Dawson",TE,buf,a,mia,8.7,5200.0
2,2021,4712,"Seals-Jones, Ricky",TE,was,h,nyg,8.4,4100.0
2,2021,4721,"Andrews, Mark",TE,bal,h,kan,8.2,6200.0
2,2021,1463,"Thomas, Logan",TE,was,h,nyg,7.0,5500.0
2,2021,4741,"Arnold, Dan",TE,car,h,nor,7.0,4400.0
2,2021,4780,"Bryant, Harrison",TE,cle,h,hou,6.9,4600.0
2,2021,4677,"Hooper, Austin",TE,cle,h,hou,6.5,5200.0
2,2021,4669,"Pruitt, MyCole",TE,ten,a,sea,5.8,4000.0
2,2021,4719,"Gesicki, Mike",TE,mia,h,buf,5.6,5300.0
2,2021,4802,"Freiermuth, Pat",TE,pit,h,oak,5.6,4200.0
2,2021,4733,"Jarwin, Blake",TE,dal,a,lac,5.2,4400.0
2,2021,4675,"Henry, Hunter",TE,nwe,a,nyj,5.2,5100.0
2,2021,4706,"Smith, Jonnu",TE,nwe,a,nyj,4.8,5300.0
2,2021,4789,"Okwuegbunam, Albert",TE,den,a,jac,4.4,4800.0
2,2021,4437,"Cook, Jared",TE,lac,h,dal,4.3,5400.0
2,2021,4703,"Kittle, George",TE,sfo,a,phi,3.7,6700.0
2,2021,4537,"Rudolph, Kyle",TE,nyg,a,was,3.5,4600.0
2,2021,4725,"Goedert, Dallas",TE,phi,h,sfo,3.4,5800.0
2,2021,4770,"Smith, Kaden",TE,nyg,a,was,3.4,4200.0
2,2021,4664,"O'Shaughnessy, James",TE,jac,h,den,2.9,4400.0
2,2021,5883,"Johnson, Juwan",TE,nor,a,car,2.8,5100.0
2,2021,4742,"Schultz, Dalton",TE,dal,a,lac,2.8,4800.0
2,2021,4702,"Njoku, David",TE,cle,h,hou,2.8,4800.0
2,2021,4700,"Howard, O.J.",TE,tam,h,atl,2.6,4700.0
2,2021,4666,"Bell, Blake",TE,kan,a,bal,2.5,4100.0
2,2021,4732,"Conklin, Tyler",TE,min,a,ari,2.5,5000.0
2,2021,4599,"Carrier, Derek",TE,lvr,a,pit,2.3,4000.0
2,2021,4736,"Alie-Cox, Mo",TE,ind,h,lar,2.3,4500.0
2,2021,4729,"Akins, Jordan",TE,hou,a,cle,2.2,4800.0
2,2021,4668,"Swaim, Geoff",TE,ten,a,sea,2.0,4200.0
2,2021,4592,"Griffin, Ryan",TE,nyj,h,nwe,2.0,4000.0
2,2021,4810,"Hudson, Tommy",TE,ten,a,sea,1.9,4000.0
2,2021,4679,"Anderson, Stephen",TE,lac,h,dal,1.9,4000.0
2,2021,4811,"Fortson, Jody",TE,kan,a,bal,1.6,4000.0
2,2021,4766,"Oliver, Josh",TE,bal,h,kan,1.4,4100.0
2,2021,4656,"Uzomah, C.J.",TE,cin,a,chi,1.4,4700.0
2,2021,4535,"Smith, Lee",TE,atl,a,tam,1.4,4100.0
2,2021,4680,"Higbee, Tyler",TE,lar,a,ind,1.3,5600.0
2,2021,4711,"Carter, Cethan",TE,mia,h,buf,1.3,4000.0
2,2021,4652,"Kroft, Tyler",TE,nyj,h,nwe,1.3,4700.0
2,2021,4648,"Brate, Cameron",TE,tam,h,atl,1.3,4300.0
2,2021,4730,"Thomas, Ian",TE,car,h,nor,1.2,4200.0
2,2021,4726,"Saubert, Eric",TE,den,a,jac,1.2,4000.0
2,2021,4569,"Ertz, Zach",TE,phi,h,sfo,1.1,4900.0
2,2021,4720,"Hurst, Hayden",TE,atl,a,tam,1.1,4800.0
2,2021,4805,"Farrell, Luke",TE,jac,h,den,1.1,4000.0
2,2021,4705,"Everett, Gerald",TE,sea,h,ten,0.8,5000.0
2,2021,4778,"Kmet, Cole",TE,chi,h,cin,0.5,5100.0
2,2021,4783,"Gilliam, Reggie",TE,buf,a,mia,0.2,4000.0
2,2021,4714,"Sprinkle, Jeremy",TE,dal,a,lac,0.0,4100.0
2,2021,4717,"Griffin, Garrett",TE,nor,a,car,0.0,4000.0
2,2021,4492,"Graham, Jimmy",TE,chi,h,cin,0.0,5000.0
2,2021,4794,"Ellefson, Ben",TE,min,a,ari,0.0,4000.0
2,2021,4697,"Manhertz, Chris",TE,jac,h,den,0.0,4500.0
2,2021,4653,"James, Jesse",TE,chi,h,cin,0.0,4200.0
2,2021,4609,"Fells, Darren",TE,det,a,gnb,0.0,4200.0
2,2021,4716,"Auclair, Antony",TE,hou,a,cle,0.0,4000.0
2,2021,4324,"Lewis, Marcedes",TE,gnb,h,det,0.0,4200.0
2,2021,4759,"Winchester, James",TE,kan,a,bal,0.0,4000.0
2,2021,4752,"Sweeney, Tommy",TE,buf,a,mia,0.0,4100.0
2,2021,4709,"Shaheen, Adam",TE,mia,h,buf,0.0,4100.0
2,2021,4753,"Brown, Pharaoh",TE,hou,a,cle,0.0,4600.0
2,2021,4704,"Tomlinson, Eric",TE,bal,h,kan,0.0,4000.0
2,2021,4784,"Trautman, Adam",TE,nor,a,car,0.0,4500.0
2,2021,4642,"Harris, Demetrius",TE,ari,h,min,0.0,4000.0
2,2021,4601,"Ebron, Eric",TE,pit,h,oak,0.0,4900.0
2,2021,4806,"Tremble, Tommy",TE,car,h,nor,0.0,4100.0
2,2021,4734,"Herndon, Chris",TE,min,a,ari,0.0,4200.0
2,2021,4756,"Sample, Drew",TE,cin,a,chi,0.0,4200.0
2,2021,4747,"Mundt, Johnny",TE,lar,a,ind,0.0,4000.0
2,2021,4763,"Holtz, J.P.",TE,chi,h,cin,0.0,4000.0
2,2021,4800,"Dafney, Dominique",TE,gnb,h,det,0.0,4100.0
2,2021,4787,"Parham, Donald",TE,lac,h,dal,0.0,4100.0
2,2021,4727,"Dissly, Will",TE,sea,h,ten,0.0,4200.0
2,2021,4775,"Gentry, Zach",TE,pit,h,oak,0.0,4000.0
2,2021,4708,"Daniels, Darrell",TE,ari,h,min,0.0,4000.0
2,2021,4807,"Bates, John",TE,was,h,nyg,0.0,4000.0
2,2021,5436,"Brown, Daniel",TE,nyj,h,nwe,0.0,4000.0
2,2021,4737,"Smythe, Durham",TE,mia,h,buf,0.0,4400.0
2,2021,4797,"Woerner, Charlie",TE,sfo,a,phi,0.0,4100.0
2,2021,4758,"Wesco, Trevon",TE,nyj,h,nwe,0.0,4100.0
2,2021,4745,"Dwelley, Ross",TE,sfo,a,phi,0.0,4100.0
2,2021,6172,"Gano, Graham",PK,nyg,a,was,22.0,
2,2021,6428,"Carlson, Daniel",PK,lvr,a,pit,17.0,
2,2021,6120,"Folk, Nick",PK,nwe,a,nyj,15.0,
2,2021,6203,"Bullock, Randy",PK,ten,a,sea,15.0,
2,2021,6209,"Hopkins, Dustin",PK,was,h,nyg,14.0,
2,2021,6227,"McManus, Brandon",PK,den,a,jac,13.0,
2,2021,6430,"Joseph, Greg",PK,min,a,ari,13.0,
2,2021,6440,"Blankenship, Rodrigo",PK,ind,h,lar,12.0,
2,2021,6159,"Prater, Matt",PK,ari,h,min,12.0,
2,2021,6448,"Vizcaino, Tristan",PK,lac,h,dal,10.0,
2,2021,6205,"Zuerlein, Greg",PK,dal,a,lac,10.0,
2,2021,6240,"Gonzalez, Zane",PK,car,h,nor,9.0,
2,2021,6436,"Gay, Matt",PK,lar,a,ind,9.0,
2,2021,6224,"Santos, Cairo",PK,chi,h,cin,8.0,
2,2021,6225,"Boswell, Chris",PK,pit,h,oak,7.0,
2,2021,6450,"McPherson, Evan",PK,cin,a,chi,7.0,
2,2021,6438,"McLaughlin, Chase",PK,cle,h,hou,7.0,
2,2021,6206,"Tucker, Justin",PK,bal,h,kan,7.0,
2,2021,6236,"Myers, Jason",PK,sea,h,ten,6.0,
2,2021,6434,"Seibert, Austin",PK,det,a,gnb,6.0,
2,2021,6169,"Succop, Ryan",PK,tam,h,atl,6.0,
2,2021,6096,"Gould, Robbie",PK,sfo,a,phi,6.0,
2,2021,6449,"Ammendola, Matt",PK,nyj,h,nwe,6.0,
2,2021,6243,"Koo, Younghoe",PK,atl,a,tam,5.0,
2,2021,6439,"Bass, Tyler",PK,buf,a,mia,5.0,
2,2021,6104,"Crosby, Mason",PK,gnb,h,det,5.0,
2,2021,6423,"Butker, Harrison",PK,kan,a,bal,5.0,
2,2021,6422,"Elliott, Jake",PK,phi,h,sfo,4.0,
2,2021,6437,"Slye, Joey",PK,hou,a,cle,3.0,
2,2021,6233,"Lambo, Josh",PK,jac,h,den,1.0,
2,2021,6242,"Rosas, Aldrick",PK,nor,a,car,1.0,
2,2021,7004,Buffalo,Def,buf,a,mia,22.0,3700.0
2,2021,7029,Tampa Bay,Def,tam,h,atl,19.0,4500.0
2,2021,7006,Chicago,Def,chi,h,cin,19.0,4100.0
2,2021,7018,New England,Def,nwe,a,nyj,19.0,5000.0
2,2021,7005,Carolina,Def,car,h,nor,12.0,3800.0
2,2021,7017,Minnesota,Def,min,a,ari,12.0,3300.0
2,2021,7013,Indianapolis,Def,ind,h,lar,11.0,3800.0
2,2021,7010,Denver,Def,den,a,jac,9.0,4600.0
2,2021,7014,Jacksonville,Def,jac,h,den,9.0,3300.0
2,2021,7027,San Francisco,Def,sfo,a,phi,8.0,4800.0
2,2021,7025,LA Rams,Def,lar,a,ind,8.0,4700.0
2,2021,7009,Dallas,Def,dal,a,lac,7.0,3500.0
2,2021,7015,Kansas City,Def,kan,a,bal,7.0,3800.0
2,2021,7019,New Orleans,Def,nor,a,car,6.0,4300.0
2,2021,7007,Cincinnati,Def,cin,a,chi,6.0,3600.0
2,2021,7012,Green Bay,Def,gnb,h,det,6.0,4200.0
2,2021,7022,Las Vegas,Def,lvr,a,pit,5.0,3400.0
2,2021,7032,Houston,Def,hou,a,cle,5.0,3100.0
2,2021,7008,Cleveland,Def,cle,h,hou,5.0,4200.0
2,2021,7026,LA Chargers,Def,lac,h,dal,5.0,3600.0
2,2021,7028,Seattle,Def,sea,h,ten,4.0,3700.0
2,2021,7021,New York J,Def,nyj,h,nwe,3.0,3400.0
2,2021,7031,Washington,Def,was,h,nyg,3.0,4600.0
2,2021,7003,Baltimore,Def,bal,h,kan,3.0,3500.0
2,2021,7024,Pittsburgh,Def,pit,h,oak,2.0,4900.0
2,2021,7020,New York G,Def,nyg,a,was,2.0,3700.0
2,2021,7030,Tennessee,Def,ten,a,sea,2.0,3200.0
2,2021,7023,Philadelphia,Def,phi,h,sfo,1.0,3900.0
2,2021,7002,Atlanta,Def,atl,a,tam,1.0,3000.0
2,2021,7016,Miami,Def,mia,h,buf,1.0,4000.0
2,2021,7001,Arizona,Def,ari,h,min,1.0,4400.0
2,2021,7011,Detroit,Def,det,a,gnb,-1.0,3000.0
